"Gemeenten";"Gemiddeld aardgasverbruik appartement|2017";"Gemiddeld aardgasverbruik appartement|2018";"Gemiddeld aardgasverbruik appartement|2019";"Gemiddeld aardgasverbruik appartement|2020";"Gemiddeld aardgasverbruik appartement|2021";"Gemiddeld aardgasverbruik tussenwoning|2017";"Gemiddeld aardgasverbruik tussenwoning|2018";"Gemiddeld aardgasverbruik tussenwoning|2019";"Gemiddeld aardgasverbruik tussenwoning|2020";"Gemiddeld aardgasverbruik tussenwoning|2021";"Gemiddeld aardgasverbruik hoekwoning|2017";"Gemiddeld aardgasverbruik hoekwoning|2018";"Gemiddeld aardgasverbruik hoekwoning|2019";"Gemiddeld aardgasverbruik hoekwoning|2020";"Gemiddeld aardgasverbruik hoekwoning|2021";"Gemiddeld aardgasverbruik vrijstaande woning|2017";"Gemiddeld aardgasverbruik vrijstaande woning|2018";"Gemiddeld aardgasverbruik vrijstaande woning|2019";"Gemiddeld aardgasverbruik vrijstaande woning|2020";"Gemiddeld aardgasverbruik vrijstaande woning|2021";"Gemiddeld aardgasverbruik alle woningen|2017";"Gemiddeld aardgasverbruik alle woningen|2018";"Gemiddeld aardgasverbruik alle woningen|2019";"Gemiddeld aardgasverbruik alle woningen|2020";"Gemiddeld aardgasverbruik alle woningen|2021";"Totaal aardgasverbruik woningen|2017";"Totaal aardgasverbruik woningen|2018";"Totaal aardgasverbruik woningen|2019";"Totaal aardgasverbruik woningen|2020";"Totaal aardgasverbruik woningen|2021"
"Aa en Hunze";980;1000;910;900;1010;1380;1370;1260;1190;1310;1540;1550;1430;1360;1510;2300;2330;2130;2010;2250;1880;1900;1740;1660;1850;19,7;20,0;18,5;17,4;19,5
"Aalsmeer";760;760;730;720;790;1230;1250;1160;1100;1250;1480;1500;1400;1310;1490;2380;2420;2240;2000;2310;1400;1410;1320;1230;1390;17,0;17,1;16,2;15,3;17,4
"Aalten";790;770;810;870;980;1240;1240;1150;1080;1220;1370;1360;1270;1200;1360;2040;2070;1920;1840;2050;1500;1480;1380;1310;1480;16,8;16,5;15,6;14,7;16,7
"Achtkarspelen";960;950;880;860;990;1390;1410;1300;1260;1400;1520;1540;1420;1380;1540;1910;1960;1800;1760;1970;1590;1630;1500;1460;1630;18,0;18,5;17,1;16,6;18,7
"Alblasserdam";760;730;740;700;730;1150;1140;1060;1020;1150;1400;1390;1290;1240;1400;2240;2190;2000;1960;2210;1150;1140;1080;1030;1140;8,9;8,9;8,4;8,1;9,0
"Albrandswaard";710;710;670;650;740;1150;1130;1060;1020;1150;1390;1380;1290;1230;1410;2220;2210;2040;1940;2170;1280;1260;1180;1130;1280;12,4;12,2;11,5;11,2;12,7
"Alkmaar";840;840;740;710;800;1220;1240;1140;1080;1240;1460;1480;1360;1290;1470;2080;2130;1960;1860;2120;1170;1200;1090;1040;1190;55,8;57,5;52,6;50,3;57,5
"Almelo";890;880;780;760;930;1280;1280;1120;1080;1330;1490;1480;1310;1250;1540;2200;2200;1920;1860;2210;1350;1350;1190;1150;1400;41,6;41,8;37,4;36,1;44,4
"Almere";290;280;250;260;300;440;440;410;400;460;530;520;480;470;540;1000;990;910;900;910;440;450;420;410;460;33,3;34,6;33,1;33,1;38,0
"Alphen aan den Rijn";880;870;830;800;870;1190;1200;1120;1060;1190;1430;1440;1350;1270;1430;2290;2290;2150;1970;2200;1240;1230;1160;1090;1220;54,4;54,6;52,0;49,5;56,1
"Alphen-Chaam";820;860;810;820;810;1190;1200;1110;1030;1180;1310;1320;1220;1150;1330;2360;2350;2180;2010;2230;1800;1800;1670;1560;1730;7,2;7,2;6,8;6,4;7,2
"Altena";800;810;780;760;840;1200;1190;1100;1040;1170;1390;1390;1290;1210;1360;2100;2120;1950;1870;2080;1540;1520;1410;1340;1500;31,3;31,6;29,5;28,2;31,8
"Ameland";1170;1160;1190;1250;1350;1090;1190;1030;1110;1280;1580;1650;1450;1420;1620;2040;2130;1920;1850;2080;1720;1770;1610;1570;1760;2,7;2,9;2,6;2,6;2,9
"Amersfoort";820;800;740;730;800;1130;1110;1030;990;1120;1410;1380;1290;1220;1380;2520;2480;2290;2100;2280;1130;1130;1050;1010;1120;70,3;70,7;66,6;64,0;72,5
"Amstelveen";850;860;820;780;860;1370;1380;1300;1230;1380;1660;1660;1580;1470;1650;2980;3000;2710;2330;2610;1180;1210;1140;1070;1200;46,0;47,5;45,2;42,5;47,5
"Amsterdam";850;840;770;740;830;1070;1060;980;950;1110;1280;1260;1160;1130;1280;2250;2210;2080;1850;2070;860;880;810;780;880;351,9;364,9;341,8;333,7;380,6
"Apeldoorn";910;890;830;800;880;1210;1180;1090;1030;1160;1440;1410;1290;1220;1370;2420;2390;2210;2050;2290;1380;1390;1290;1210;1360;92,3;93,7;87,9;83,5;94,5
"Arnhem";920;900;820;780;870;1150;1130;1050;990;1120;1410;1390;1270;1210;1360;2280;2230;2030;1910;2110;1110;1110;1010;960;1080;76,5;77,3;71,9;69,4;78,9
"Assen";910;900;840;770;840;1250;1260;1170;1110;1230;1450;1450;1340;1270;1410;2210;2220;2040;1940;2170;1350;1340;1230;1170;1290;39,3;39,5;36,6;35,4;39,5
"Asten";810;800;760;730;770;1230;1230;1150;1080;1190;1470;1460;1370;1280;1420;2340;2370;2170;2030;2270;1580;1600;1490;1400;1540;10,0;10,2;9,6;9,1;10,2
"Baarle-Nassau";920;960;880;940;1050;1290;1290;1220;1150;1270;1490;1490;1390;1260;1420;2290;2300;2120;2000;2210;1710;1760;1620;1530;1690;4,5;4,7;4,4;4,1;4,6
"Baarn";970;960;890;860;970;1380;1350;1240;1190;1360;1670;1640;1500;1420;1620;3320;3280;3060;2620;3020;1640;1570;1450;1370;1560;18,0;17,1;15,9;15,0;17,1
"Barendrecht";680;680;620;620;700;1120;1110;1040;1000;1150;1390;1380;1280;1240;1420;2130;2110;1980;1870;2110;1180;1130;1060;1020;1170;21,2;20,4;19,1;18,6;21,3
"Barneveld";830;810;770;770;910;1210;1190;1100;1040;1160;1460;1440;1330;1270;1410;2590;2540;2340;2080;2300;1580;1540;1410;1290;1450;31,7;31,6;29,6;27,7;31,5
"Beek";1080;1050;910;890;1020;1430;1390;1310;1220;1400;1620;1590;1480;1360;1540;2390;2360;2190;2030;2280;1600;1600;1480;1370;1560;11,1;11,2;10,4;9,7;11,0
"Beekdaelen";990;990;920;960;1100;1500;1480;1380;1270;1440;1670;1660;1550;1450;1630;2330;2310;2160;2000;2230;1730;1710;1590;1480;1680;26,9;26,6;24,9;23,2;26,4
"Beesel";600;610;620;660;650;1270;1250;1180;1100;1250;1410;1390;1300;1210;1380;2140;2120;1980;1860;2070;1460;1460;1370;1290;1440;8,1;8,1;7,7;7,3;8,2
"Berg en Dal";830;750;810;830;880;1210;1190;1120;1040;1170;1380;1370;1270;1190;1330;2460;2440;2250;2100;2350;1520;1510;1410;1340;1480;22,0;22,0;20,8;19,9;22,1
"Bergeijk";870;930;900;1060;1200;1220;1220;1130;1050;1190;1390;1390;1300;1190;1350;2250;2240;2080;1930;2150;1710;1710;1590;1480;1660;12,5;12,6;11,8;11,1;12,5
"Bergen (L.)";850;870;830;850;970;1180;1170;1120;1040;1180;1280;1270;1210;1150;1280;2140;2120;1990;1910;2110;1600;1620;1520;1450;1630;8,5;8,6;8,2;7,8;8,9
"Bergen (NH.)";920;950;890;900;1020;1370;1390;1280;1190;1370;1570;1580;1450;1370;1560;2610;2640;2400;2200;2500;1670;1680;1540;1430;1630;23,5;23,9;22,0;20,7;23,6
"Bergen op Zoom";760;770;690;680;730;1220;1220;1140;1080;1220;1420;1420;1310;1250;1400;2140;2140;1970;1840;2060;1220;1240;1140;1090;1210;34,4;35,0;32,5;31,8;35,2
"Berkelland";890;880;830;990;1170;1310;1270;1190;1110;1250;1430;1400;1300;1220;1370;2230;2220;2040;1930;2150;1610;1610;1480;1390;1580;29,5;29,4;27,3;25,6;29,0
"Bernheze";760;790;760;790;870;1220;1210;1140;1060;1210;1340;1340;1250;1180;1350;2240;2250;2080;1920;2160;1610;1640;1510;1400;1590;18,3;18,9;17,7;16,7;19,1
"Best";790;790;760;730;800;1330;1330;1250;1160;1270;1540;1540;1450;1320;1450;2400;2380;2220;1980;2210;1430;1440;1350;1250;1370;16,6;16,7;16,0;14,9;16,7
"Beuningen";780;750;710;700;810;1220;1210;1120;1060;1210;1430;1400;1300;1210;1380;2230;2200;2060;1940;2180;1450;1430;1340;1250;1430;14,7;14,9;13,9;13,1;15,1
"Beverwijk";870;880;820;790;910;1190;1210;1120;1070;1200;1500;1510;1390;1330;1510;2360;2360;2170;2000;2310;1180;1200;1110;1060;1200;21,1;21,6;20,2;19,3;22,1
"Bladel";730;750;710;770;870;1230;1240;1150;1080;1220;1380;1380;1280;1190;1350;2120;2120;1980;1880;2080;1510;1530;1420;1340;1510;12,0;12,3;11,5;11,0;12,5
"Blaricum";1030;980;1200;1100;960;1450;1440;1400;1290;1230;1570;1590;1540;1400;1270;3400;3320;3520;2720;2930;2080;2090;2170;1760;1670;9,1;9,6;10,1;8,4;8,1
"Bloemendaal";1110;1130;1070;990;1130;1630;1620;1530;1440;1660;2040;2040;1910;1800;2060;4010;3940;3710;2970;3410;2120;2080;1950;1750;2000;19,4;19,4;18,4;16,5;19,1
"Bodegraven-Reeuwijk";830;810;770;760;860;1250;1250;1170;1090;1210;1500;1490;1380;1310;1450;2300;2330;2140;1950;2190;1440;1420;1320;1230;1380;19,1;19,1;17,8;16,8;19,0
"Boekel";800;800;680;850;890;1230;1220;1150;1060;1030;1350;1320;1260;1160;1180;2110;2140;1990;1840;1990;1650;1670;1550;1460;1550;6,2;6,4;6,1;5,8;6,4
"Borger-Odoorn";1040;970;930;930;1020;1450;1430;1340;1260;1350;1600;1580;1460;1380;1490;2190;2190;2020;1940;2170;1860;1880;1740;1640;1830;20,3;20,5;19,0;17,6;19,3
"Borne";780;780;680;710;840;1230;1230;1080;1040;1260;1440;1430;1240;1220;1450;2130;2150;1880;1840;2160;1430;1440;1260;1240;1470;12,9;13,2;11,7;11,6;14,0
"Borsele";700;710;680;730;850;1060;1080;1010;970;1100;1220;1240;1150;1110;1260;1720;1770;1630;1590;1820;1340;1390;1290;1250;1430;12,2;12,8;11,9;11,6;13,2
"Boxtel";790;800;710;720;820;1290;1300;1200;1120;1270;1510;1510;1410;1320;1490;2310;2310;2140;1960;2220;1400;1420;1310;1230;1390;18,7;19,0;17,6;16,5;18,9
"Breda";630;620;590;590;640;1010;1010;960;900;1020;1270;1270;1190;1120;1270;2470;2450;2290;2060;2310;1020;1040;980;930;1030;78,8;81,2;77,0;73,8;82,9
"Bronckhorst";930;940;860;1060;1250;1310;1280;1190;1110;1250;1430;1410;1300;1240;1380;2310;2310;2110;2000;2240;1750;1760;1610;1520;1720;26,5;26,6;24,4;23,1;26,2
"Brummen";950;930;890;860;950;1250;1230;1160;1090;1200;1400;1370;1300;1220;1350;2450;2420;2250;2080;2330;1590;1580;1480;1390;1540;13,8;13,7;12,9;12,2;13,6
"Brunssum";910;920;840;790;880;1290;1280;1200;1110;1280;1540;1520;1430;1320;1510;2310;2270;2140;1970;2230;1350;1350;1260;1170;1330;18,3;18,4;17,2;16,0;18,1
"Bunnik";770;770;710;710;770;1420;1390;1280;1220;1390;1650;1620;1500;1420;1610;2530;2570;2360;2140;2400;1520;1520;1400;1320;1490;9,1;9,1;8,4;7,9;9,1
"Bunschoten";730;760;700;680;760;1340;1340;1220;1160;1310;1610;1590;1470;1390;1580;2570;2580;2360;2080;2430;1460;1450;1320;1230;1400;11,2;11,2;10,4;9,9;11,2
"Buren";740;760;710;960;1060;1270;1280;1200;1090;1220;1440;1440;1340;1250;1400;2260;2280;2090;1990;2230;1750;1770;1630;1520;1700;17,2;17,5;16,2;15,4;17,5
"Capelle aan den IJssel";660;650;610;610;640;820;820;770;740;850;1060;1060;990;950;1090;2250;2240;2140;1970;2230;790;790;750;730;800;22,9;22,9;21,6;21,3;23,6
"Castricum";820;830;780;740;840;1390;1410;1300;1240;1400;1590;1610;1480;1420;1600;2190;2230;2050;1920;2160;1470;1490;1370;1300;1470;21,6;22,1;20,6;19,6;22,4
"Coevorden";1010;1000;920;890;1030;1350;1340;1220;1160;1300;1530;1510;1380;1310;1460;2230;2250;2060;1950;2180;1690;1720;1570;1490;1670;24,2;25,0;22,9;21,8;24,5
"Cranendonck";870;870;850;880;1030;1280;1280;1190;1110;1270;1390;1400;1300;1210;1380;2220;2230;2090;1930;2160;1650;1660;1550;1440;1630;13,7;13,9;13,0;12,2;13,9
"Culemborg";690;680;640;640;720;1090;1070;990;930;1050;1300;1280;1180;1110;1240;2120;2090;1920;1770;1980;1090;1130;1050;990;1110;12,4;13,0;12,2;11,7;13,3
"Dalfsen";880;910;840;870;1000;1340;1340;1230;1150;1220;1510;1500;1370;1290;1380;2130;2160;1990;1900;2090;1650;1690;1550;1470;1600;17,7;18,3;17,1;16,4;18,2
"Dantumadiel";960;940;970;830;950;1400;1400;1290;1220;1340;1540;1560;1420;1340;1490;1850;1890;1750;1680;1880;1630;1650;1530;1450;1610;12,4;12,6;11,7;11,1;12,4
"De Bilt";920;940;890;850;960;1440;1430;1330;1250;1420;1760;1740;1620;1520;1730;3360;3270;3030;2600;2960;1680;1640;1530;1410;1590;30,7;30,0;28,2;25,9;29,6
"De Fryske Marren";860;840;800;830;930;1260;1250;1160;1100;1240;1370;1370;1270;1220;1360;1890;1910;1750;1710;1910;1490;1520;1400;1360;1520;32,1;33,0;30,6;29,9;33,5
"De Ronde Venen";800;800;760;760;840;1280;1280;1190;1130;1270;1540;1550;1440;1370;1530;2490;2520;2280;2110;2350;1490;1500;1380;1300;1450;25,0;25,6;23,8;22,6;25,3
"De Wolden";1120;1130;1050;1110;1270;1390;1370;1250;1180;1320;1490;1450;1330;1260;1420;2260;2260;2060;1970;2210;1830;1850;1680;1600;1800;17,3;17,6;16,3;15,6;17,7
"Delft";850;830;760;740;830;1090;1100;1010;990;1120;1320;1330;1220;1180;1310;2350;2390;2160;2060;2080;940;950;870;850;950;44,0;44,7;41,4;40,8;46,1
"Den Haag";1000;1010;950;890;1010;1150;1160;1110;1070;1220;1320;1330;1260;1230;1390;1990;1990;1880;1760;1890;1030;1060;1000;950;1070;246,3;255,8;243,7;233,5;267,0
"Den Helder";920;930;880;840;930;1240;1280;1190;1130;1290;1420;1470;1360;1280;1480;1840;1900;1760;1680;1850;1230;1270;1180;1120;1270;32,4;33,3;31,0;29,7;33,8
"Deurne";860;840;790;810;870;1240;1230;1160;1080;1230;1400;1390;1310;1230;1390;2330;2330;2170;2040;2310;1590;1590;1490;1410;1580;20,2;20,4;19,4;18,5;20,9
"Deventer";770;720;700;680;780;1200;1190;1110;1050;1190;1420;1400;1290;1220;1380;2260;2240;2080;1940;2180;1210;1210;1130;1070;1210;50,9;50,6;48,1;46,1;52,5
"Diemen";760;730;520;530;650;1240;1220;1180;1090;1180;1480;1470;1420;1320;1440;2580;2220;1970;1720;1750;850;970;800;780;880;10,2;12,0;10,4;10,9;12,8
"Dijk en Waard";630;610;580;550;600;1050;1060;980;930;1020;1250;1260;1160;1100;1220;1790;1800;1650;1590;1840;1140;1150;1060;1010;1120;36,5;37,5;35,0;33,9;38,1
"Dinkelland";1040;1080;880;910;1090;1480;1460;1280;1220;1470;1620;1610;1400;1340;1620;2300;2320;2020;1860;2240;1900;1900;1640;1520;1830;19,1;19,2;16,8;15,6;19,0
"Doesburg";700;690;690;670;770;1260;1250;1160;1120;1240;1450;1440;1360;1300;1440;2090;2070;1950;1810;1960;1270;1260;1190;1140;1270;6,3;6,3;5,9;5,7;6,3
"Doetinchem";860;830;790;780;870;1180;1160;1080;1030;1160;1380;1340;1250;1180;1340;2280;2230;2050;1910;2140;1380;1350;1260;1190;1330;33,0;32,6;30,7;29,2;33,3
"Dongen";800;790;760;730;770;1160;1170;1110;1030;1130;1360;1360;1290;1210;1330;2230;2240;2130;1910;2200;1380;1390;1320;1220;1360;14,0;14,5;14,0;13,0;14,6
"Dordrecht";920;910;800;760;840;1230;1230;1130;1080;1230;1460;1450;1340;1260;1440;2270;2270;2110;1940;2160;1150;1160;1060;1000;1130;59,4;60,0;54,7;52,2;59,2
"Drechterland";720;740;730;740;750;1210;1230;1130;1060;1200;1370;1400;1290;1220;1380;2040;2110;1930;1820;2070;1510;1570;1430;1360;1530;11,6;12,1;11,2;10,7;12,1
"Drimmelen";830;850;800;790;850;1190;1200;1120;1050;1210;1360;1370;1280;1210;1400;2050;2060;1910;1790;2050;1450;1480;1380;1310;1480;15,8;16,2;15,3;14,4;16,5
"Dronten";780;770;720;700;760;1180;1180;1100;1030;1160;1340;1320;1240;1160;1320;1830;1880;1750;1690;1890;1330;1330;1240;1180;1320;20,7;21,1;19,9;19,3;22,0
"Druten";780;830;760;770;860;1230;1230;1140;1060;1210;1400;1400;1300;1220;1380;2180;2180;2020;1910;2120;1450;1460;1350;1280;1440;10,7;10,9;10,2;9,8;11,1
"Duiven";200;170;210;200;240;420;410;390;360;420;540;530;500;470;540;1450;1460;1390;1330;1520;570;570;550;520;600;5,7;5,8;5,5;5,2;6,0
"Echt-Susteren";860;860;810;810;900;1350;1360;1270;1160;1320;1570;1570;1460;1340;1500;2230;2200;2050;1900;2150;1630;1620;1510;1410;1580;22,2;22,1;20,6;19,3;21,9
"Edam-Volendam";790;810;740;740;810;1560;1590;1450;1380;1570;1770;1790;1640;1550;1750;2260;2300;2090;1940;2200;1590;1630;1490;1410;1590;22,1;22,8;21,0;20,0;23,0
"Ede";850;850;660;660;720;1120;1110;1020;940;1040;1350;1340;1230;1140;1260;2440;2460;2290;2070;2290;1350;1370;1230;1130;1240;63,1;61,7;56,1;52,1;58,4
"Eemnes";840;800;720;780;790;1320;1310;1210;1150;1310;1590;1570;1440;1360;1550;2400;2400;2210;2180;2460;1530;1540;1410;1310;1480;5,3;5,5;5,2;4,9;5,7
"Eemsdelta";980;990;920;860;1010;1390;1400;1310;1260;1360;1570;1590;1480;1420;1480;2000;2060;1890;1840;2050;1530;1570;1450;1410;1540;32,8;33,8;31,3;30,4;33,5
"Eersel";900;920;810;980;1110;1240;1240;1160;1070;1200;1380;1390;1280;1200;1340;2290;2300;2140;1980;2180;1620;1660;1530;1430;1600;12,2;12,6;11,9;11,3;12,8
"Eijsden-Margraten";990;990;920;960;1140;1520;1510;1400;1290;1460;1690;1670;1550;1440;1620;2410;2380;2200;2030;2270;1740;1760;1630;1510;1720;18,0;18,5;17,2;16,1;18,4
"Eindhoven";840;840;740;720;750;1290;1290;1200;1120;1250;1550;1540;1430;1330;1480;2400;2360;2190;2000;2200;1190;1210;1100;1040;1140;120,1;124,0;115,2;110,6;122,4
"Elburg";880;870;820;890;1050;1290;1270;1190;1130;1260;1460;1440;1350;1290;1410;2300;2280;2080;1940;2140;1500;1510;1400;1310;1460;12,9;13,1;12,2;11,6;13,2
"Emmen";970;940;870;840;940;1390;1390;1280;1210;1340;1580;1580;1470;1380;1540;2200;2190;2010;1890;2120;1570;1570;1450;1370;1530;71,8;72,2;66,9;63,6;71,1
"Enkhuizen";780;780;730;710;820;1210;1240;1150;1090;1270;1430;1450;1340;1270;1470;1900;1950;1800;1720;1960;1220;1250;1150;1100;1270;10,0;10,2;9,5;9,2;10,6
"Enschede";730;720;660;660;750;1080;1080;1010;970;1090;1330;1320;1230;1170;1320;2180;2160;2000;1860;2090;1120;1150;1060;1020;1150;78,5;79,4;74,6;72,1;82,3
"Epe";950;920;880;880;970;1370;1350;1250;1170;1290;1560;1540;1430;1340;1490;2500;2480;2290;2170;2380;1710;1710;1590;1490;1640;22,8;22,9;21,4;20,5;22,7
"Ermelo";820;820;790;810;900;1260;1240;1140;1070;1200;1450;1420;1310;1230;1360;2430;2380;2200;2040;2300;1550;1520;1410;1330;1480;15,8;15,7;14,6;13,9;15,8
"Etten-Leur";680;680;650;650;730;1210;1220;1140;1070;1140;1410;1420;1330;1240;1330;2240;2240;2070;1900;2090;1340;1320;1230;1150;1250;23,3;23,2;21,9;20,7;22,4
"Geertruidenberg";600;590;580;600;620;1100;1110;1040;980;1110;1290;1290;1220;1130;1280;2240;2250;2110;1970;2230;1210;1220;1150;1100;1220;10,9;11,0;10,4;9,9;11,1
"Geldrop-Mierlo";900;910;860;810;910;1330;1320;1240;1140;1300;1520;1520;1420;1320;1510;2540;2500;2330;2090;2310;1480;1460;1370;1260;1420;24,1;23,9;22,7;21,0;24,2
"Gemert-Bakel";850;850;810;820;900;1230;1230;1160;1080;1180;1390;1390;1320;1250;1370;2140;2170;2030;1960;2190;1510;1570;1460;1390;1540;17,9;18,7;17,5;16,5;18,3
"Gennep";800;840;810;810;770;1230;1220;1170;1100;1220;1410;1390;1320;1250;1410;2190;2170;2040;1910;2130;1550;1540;1460;1380;1520;10,7;10,7;10,1;9,7;10,7
"Gilze en Rijen";710;720;660;670;770;1190;1190;1110;1040;1160;1380;1380;1280;1210;1340;2130;2140;1980;1830;2050;1370;1380;1280;1200;1340;14,4;14,5;13,6;12,8;14,4
"Goeree-Overflakkee";820;830;750;750;790;1150;1160;1050;1010;1110;1320;1330;1210;1160;1280;1980;2020;1820;1780;1970;1360;1400;1270;1220;1340;27,0;28,1;25,7;25,2;27,9
"Goes";800;800;760;720;770;1090;1110;1040;990;1080;1270;1290;1210;1150;1280;1750;1790;1730;1630;1750;1190;1210;1150;1080;1170;20,0;20,5;19,7;18,9;20,6
"Goirle";720;720;760;690;720;1220;1210;1160;1060;1200;1400;1400;1330;1230;1390;2450;2430;2250;2060;2280;1380;1400;1340;1230;1370;12,9;13,3;12,9;12,0;13,4
"Gooise Meren";960;940;910;840;960;1540;1530;1420;1330;1540;1950;1940;1790;1680;1950;3580;3540;3270;2700;3110;1670;1650;1540;1420;1640;41,3;41,0;38,5;35,6;41,5
"Gorinchem";890;890;830;800;900;1090;1090;1020;970;1080;1270;1290;1210;1140;1250;2150;2180;2030;1840;2040;1100;1100;1030;980;1090;16,9;17,0;16,1;15,8;17,7
"Gouda";860;860;810;770;880;1180;1190;1110;1060;1190;1430;1420;1330;1270;1430;2460;2490;2240;2100;2310;1110;1120;1040;1000;1130;33,6;34,4;32,6;31,5;35,8
"Groningen";1050;1050;960;870;950;1330;1340;1240;1180;1320;1550;1550;1420;1360;1510;2410;2430;2230;2070;2290;1260;1270;1160;1080;1190;133,4;134,3;124,8;118,0;132,7
"Gulpen-Wittem";910;880;800;810;950;1450;1440;1350;1260;1430;1640;1630;1520;1430;1640;2280;2270;2120;1970;2200;1650;1640;1530;1440;1630;10,5;10,5;9,8;9,3;10,5
"Haaksbergen";870;850;820;840;930;1340;1320;1240;1170;1340;1530;1510;1400;1310;1500;2180;2180;2010;1870;2100;1570;1580;1470;1370;1560;15,0;15,3;14,3;13,6;15,5
"Haarlem";980;980;920;850;960;1370;1380;1290;1220;1390;1630;1640;1530;1450;1650;2810;2800;2550;2310;2640;1230;1230;1150;1080;1220;85,5;86,3;81,6;77,4;88,5
"Haarlemmermeer";800;800;750;720;800;1190;1200;1120;1070;1200;1450;1460;1350;1280;1440;2310;2300;2140;1980;2260;1270;1270;1180;1120;1260;74,3;75,3;70,6;67,8;77,2
"Halderberge";850;890;810;740;870;1250;1260;1170;1080;1210;1450;1450;1340;1240;1400;2050;2070;1900;1800;2030;1520;1530;1410;1310;1480;18,7;18,9;17,7;16,5;18,8
"Hardenberg";790;800;730;770;910;1300;1290;1130;1080;1280;1470;1450;1280;1230;1430;2150;2180;1910;1820;2130;1580;1610;1410;1350;1590;35,8;36,7;32,5;31,6;37,5
"Harderwijk";830;790;770;750;840;1280;1240;1160;1100;1250;1510;1470;1360;1290;1470;2450;2390;2180;2020;2160;1300;1260;1180;1120;1260;23,4;22,8;21,6;20,9;24,5
"Hardinxveld-Giessendam";780;770;720;700;780;1200;1200;1090;1030;1160;1390;1400;1280;1200;1360;1910;1900;1730;1660;1880;1280;1280;1180;1120;1260;8,7;8,7;8,1;7,8;8,9
"Harlingen";780;820;820;870;930;1310;1350;1250;1180;1330;1410;1440;1320;1250;1410;1830;1910;1740;1720;1890;1290;1340;1250;1210;1350;9,2;9,6;8,9;8,9;10,0
"Hattem";940;930;880;850;1010;1280;1270;1190;1130;1290;1440;1420;1330;1260;1440;2420;2400;2190;2040;2290;1570;1570;1460;1370;1560;7,8;7,8;7,2;6,8;7,7
"Heemskerk";870;890;830;800;890;1210;1230;1130;1080;1230;1430;1440;1320;1250;1420;2120;2190;2010;1890;2120;1210;1230;1140;1080;1220;19,9;20,2;18,7;17,9;20,2
"Heemstede";1040;1020;950;880;1010;1600;1600;1480;1420;1640;2010;2010;1860;1760;2030;3590;3610;3340;2960;3390;1640;1640;1520;1440;1640;19,3;19,4;18,0;17,1;19,8
"Heerde";880;930;900;910;1060;1250;1260;1160;1100;1220;1430;1420;1320;1270;1390;2200;2190;2010;1910;2120;1670;1670;1540;1440;1610;12,3;12,2;11,4;10,7;12,1
"Heerenveen";970;900;840;810;920;1210;1210;1110;1060;1160;1370;1380;1270;1210;1330;1980;2030;1870;1790;1980;1430;1440;1330;1280;1410;31,2;31,7;29,5;28,2;31,6
"Heerlen";820;820;760;750;820;1290;1280;1210;1120;1280;1520;1510;1420;1320;1490;2530;2510;2340;2150;2430;1270;1250;1170;1100;1240;54,7;53,7;50,4;47,6;53,5
"Heeze-Leende";870;890;820;830;990;1360;1360;1270;1190;1360;1460;1460;1370;1270;1450;2390;2390;2230;2050;2310;1740;1750;1630;1510;1710;10,9;11,1;10,5;9,8;11,1
"Heiloo";750;770;730;680;770;1390;1410;1310;1220;1380;1600;1620;1490;1390;1580;2280;2310;2150;1960;2210;1500;1530;1420;1310;1480;14,6;15,1;14,1;13,3;15,2
"Hellendoorn";860;850;800;820;910;1310;1280;1190;1120;1270;1510;1490;1360;1280;1430;2250;2260;2070;1910;2150;1600;1610;1480;1380;1550;22,0;22,1;20,4;19,3;21,8
"Helmond";680;680;640;630;710;990;980;940;880;990;1150;1140;1090;1010;1150;2480;2450;2330;2090;2350;1060;1090;1040;970;1090;39,5;40,9;39,4;37,2;42,4
"Hendrik-Ido-Ambacht";800;770;710;700;770;1130;1130;1030;980;1110;1380;1380;1260;1200;1360;2280;2240;2030;1860;2090;1190;1180;1080;1030;1160;13,3;13,5;12,4;12,0;13,5
"Hengelo";840;820;720;700;790;1310;1300;1160;1100;1280;1510;1500;1350;1290;1500;2290;2260;2050;1930;2200;1370;1350;1220;1160;1330;48,8;48,5;43,9;42,1;48,5
"Het Hogeland";950;950;900;830;970;1380;1390;1290;1210;1370;1550;1560;1430;1360;1530;2000;2030;1850;1840;2060;1650;1680;1530;1490;1670;34,9;35,6;32,6;31,9;35,9
"Heumen";820;810;750;700;790;1380;1340;1260;1170;1330;1570;1540;1430;1320;1490;2340;2290;2120;1980;2250;1590;1570;1470;1360;1550;10,6;10,5;9,9;9,2;10,6
"Heusden";770;780;750;750;810;1310;1320;1230;1160;1300;1500;1500;1400;1320;1480;2290;2280;2140;1970;2170;1490;1490;1410;1320;1470;25,6;26,0;24,8;23,9;26,7
"Hillegom";810;770;740;720;800;1200;1200;1120;1070;1210;1470;1480;1370;1310;1470;2440;2440;2280;2120;2350;1280;1240;1160;1110;1240;11,3;11,3;10,7;10,3;11,5
"Hilvarenbeek";850;840;810;810;890;1340;1330;1260;1150;1280;1470;1480;1380;1300;1430;2220;2200;2050;1960;2160;1650;1660;1550;1450;1620;10,0;10,2;9,6;9,2;10,4
"Hilversum";960;940;880;820;930;1420;1420;1310;1230;1400;1820;1800;1670;1570;1800;3800;3750;3470;2880;3350;1430;1450;1340;1240;1420;55,9;57,0;53,3;49,8;57,2
"Hoeksche Waard";800;800;730;750;830;1140;1150;1060;1020;1150;1370;1390;1270;1210;1370;2020;2040;1870;1790;2020;1320;1340;1230;1180;1330;45,8;46,9;43,5;41,9;47,7
"Hof van Twente";950;900;790;880;1040;1310;1290;1120;1080;1290;1440;1410;1230;1190;1410;2250;2280;2000;1940;2310;1660;1680;1470;1430;1700;23,4;23,8;20,9;20,4;24,4
"Hollands Kroon";790;790;730;760;870;1200;1230;1110;1060;1200;1390;1410;1290;1230;1380;1970;2070;1890;1820;2040;1450;1520;1390;1340;1510;28,1;29,6;27,1;26,3;29,7
"Hoogeveen";940;930;840;800;910;1340;1340;1220;1170;1310;1540;1530;1390;1340;1500;2170;2180;1980;1910;2100;1460;1470;1330;1280;1430;33,9;34,3;31,5;30,4;34,3
"Hoorn";820;820;780;750;810;1180;1200;1120;1060;1220;1390;1410;1310;1240;1430;1990;2010;1860;1750;1990;1180;1200;1120;1070;1200;36,2;36,9;34,5;33,2;38,1
"Horst aan de Maas";870;870;810;810;920;1310;1300;1230;1130;1270;1460;1450;1360;1270;1420;2180;2200;2060;1940;2180;1620;1640;1530;1440;1620;26,6;27,1;25,5;24,1;27,3
"Houten";510;500;490;500;520;870;860;820;780;880;1080;1070;1010;960;1080;2190;2180;2040;1890;2120;940;950;900;860;950;17,4;17,8;17,2;16,5;18,4
"Huizen";850;820;790;750;850;1290;1280;1200;1140;1300;1580;1560;1460;1380;1570;3380;3320;3100;2580;2970;1410;1390;1300;1210;1380;24,8;24,6;23,1;21,6;24,7
"Hulst";680;690;660;680;800;1160;1170;1090;1040;1200;1300;1320;1230;1160;1310;1780;1820;1670;1600;1850;1430;1460;1340;1290;1490;17,9;18,3;17,1;16,5;19,0
"IJsselstein";790;770;740;730;840;1120;1120;1060;1000;1160;1380;1390;1310;1240;1420;2360;2370;2190;2010;2280;1150;1150;1090;1030;1190;15,4;15,5;14,7;14,0;16,1
"Kaag en Braassem";750;730;710;710;800;1210;1220;1120;1050;1150;1430;1450;1320;1250;1350;2110;2170;1980;1880;2140;1390;1400;1290;1220;1350;14,6;14,8;13,9;13,4;15,1
"Kampen";920;920;870;810;940;1290;1280;1180;1120;1270;1450;1450;1330;1260;1430;2080;2120;1920;1800;2020;1330;1370;1260;1180;1350;26,9;28,1;26,2;25,0;28,9
"Kapelle";790;780;770;770;880;1100;1130;1040;990;1110;1250;1270;1200;1140;1290;1710;1750;1620;1550;1770;1320;1360;1260;1210;1370;6,6;6,8;6,3;6,2;7,0
"Katwijk";860;860;800;760;830;1230;1230;1150;1080;1220;1490;1490;1390;1310;1490;2410;2370;2190;2000;2260;1190;1190;1110;1040;1170;29,4;29,5;27,9;26,4;29,9
"Kerkrade";1020;1000;940;860;990;1400;1400;1300;1210;1380;1600;1600;1480;1370;1550;2450;2450;2250;2060;2320;1420;1390;1290;1190;1360;32,0;31,2;28,7;26,7;30,6
"Koggenland";730;760;730;770;830;1190;1210;1120;1070;1210;1420;1440;1330;1270;1410;1970;2030;1860;1760;1980;1410;1480;1360;1300;1450;12,2;12,9;12,0;11,6;13,1
"Krimpen aan den IJssel";740;740;700;620;660;1340;1340;1230;1170;1310;1560;1540;1420;1340;1510;2450;2450;2290;2120;2370;1300;1290;1190;1120;1240;15,0;15,1;14,1;13,3;14,8
"Krimpenerwaard";830;810;770;770;880;1210;1210;1130;1070;1210;1420;1430;1320;1250;1420;2150;2150;1980;1940;2150;1380;1400;1300;1230;1390;30,6;30,9;29,0;27,7;31,2
"Laarbeek";810;820;700;760;870;1240;1240;1160;1080;1220;1400;1390;1300;1220;1370;2290;2300;2140;1950;2230;1570;1580;1460;1360;1550;13,6;13,8;13,0;12,2;14,3
"Land van Cuijk";800;820;760;760;840;1270;1260;1180;1110;1260;1420;1410;1320;1240;1400;2170;2170;2020;1910;2150;1540;1540;1430;1360;1530;53,9;54,9;51,7;49,4;56,1
"Landgraaf";900;900;840;820;940;1340;1330;1250;1160;1330;1530;1520;1430;1320;1510;2340;2320;2160;1980;2250;1440;1430;1340;1250;1430;24,4;24,4;22,9;21,3;24,4
"Landsmeer";760;790;790;740;850;1280;1290;1220;1170;1270;1610;1620;1500;1430;1580;2410;2440;2280;2030;2350;1480;1500;1410;1320;1480;6,6;6,8;6,4;6,1;6,8
"Lansingerland";670;670;630;620;680;1070;1070;1010;960;1070;1350;1350;1260;1190;1340;2120;2110;2080;1850;2060;1190;1200;1130;1060;1190;25,9;26,5;25,4;24,2;27,6
"Laren";1010;980;960;950;1100;1570;1540;1440;1350;1530;1890;1860;1730;1610;1840;3850;3770;3500;2930;3410;2250;2240;2080;1830;2120;11,1;11,1;10,3;9,3;10,8
"Leeuwarden";900;890;820;780;840;1260;1280;1190;1120;1270;1460;1470;1360;1280;1440;1850;1910;1740;1720;1880;1220;1260;1160;1110;1220;69,2;72,1;66,9;65,2;72,4
"Leiden";720;730;620;630;700;1100;1110;1030;990;1140;1330;1330;1250;1190;1370;2600;2620;2480;2360;2600;920;930;830;820;920;49,9;50,7;46,2;46,2;52,2
"Leiderdorp";700;690;650;630;660;1290;1290;1210;1150;1290;1600;1610;1500;1410;1600;2350;2420;2250;2070;2360;1140;1140;1070;1020;1120;12,9;13,0;12,2;11,6;13,0
"Leidschendam-Voorburg";1000;990;940;900;1020;1430;1440;1350;1280;1450;1740;1750;1630;1540;1750;2730;2750;2560;2310;2550;1230;1250;1180;1120;1270;42,2;42,9;40,8;38,9;44,0
"Lelystad";720;730;690;680;760;1040;1040;960;920;1050;1180;1170;1090;1040;1190;1660;1660;1530;1450;1610;1060;1070;1000;950;1080;32,8;33,0;30,8;30,0;34,2
"Leudal";860;880;810;830;950;1390;1390;1300;1190;1350;1490;1480;1390;1290;1450;2110;2110;1980;1850;2080;1710;1660;1550;1450;1630;25,3;24,5;23,1;21,8;24,7
"Leusden";760;740;680;700;720;1310;1270;1170;1120;1270;1530;1480;1370;1300;1470;2410;2360;2200;2030;2300;1430;1380;1280;1210;1350;16,8;16,4;15,5;14,9;16,8
"Lingewaard";810;810;760;780;900;1250;1240;1150;1080;1220;1460;1450;1350;1250;1410;2260;2270;2090;1950;2160;1460;1460;1360;1270;1430;27,0;27,0;25,3;23,7;27,0
"Lisse";800;780;740;710;790;1160;1180;1100;1050;1180;1410;1430;1330;1270;1440;2580;2630;2410;2230;2420;1210;1220;1140;1080;1220;11,6;11,5;10,9;10,5;11,9
"Lochem";940;900;860;960;1130;1350;1320;1230;1140;1300;1540;1500;1380;1300;1470;2530;2500;2290;2140;2400;1790;1790;1650;1540;1750;24,9;25,1;23,3;21,8;24,9
"Loon op Zand";890;900;810;780;850;1230;1240;1160;1100;1250;1420;1430;1330;1260;1450;2260;2280;2140;1970;2210;1440;1480;1370;1290;1450;13,7;14,2;13,3;12,6;14,3
"Lopik";810;800;770;880;970;1170;1170;1100;1030;1170;1410;1400;1320;1240;1390;2240;2270;2110;1910;2160;1550;1530;1430;1320;1490;8,1;8,0;7,6;7,1;8,2
"Losser";970;950;890;970;1160;1390;1370;1280;1200;1360;1580;1530;1430;1340;1520;2230;2220;2050;1930;2160;1650;1660;1540;1440;1640;15,0;15,1;14,1;13,2;15,2
"Maasdriel";940;960;910;840;970;1310;1280;1190;1120;1260;1440;1420;1320;1240;1410;2340;2350;2190;1990;2280;1750;1730;1610;1480;1690;16,0;16,0;15,0;14,1;16,2
"Maasgouw";900;920;880;920;1070;1480;1480;1380;1260;1400;1630;1620;1520;1400;1570;2200;2200;2050;1900;2130;1780;1710;1590;1480;1660;17,8;17,1;16,0;15,1;17,1
"Maashorst";760;760;730;780;860;1300;1300;1220;1130;1260;1460;1470;1370;1280;1430;2310;2320;2160;1980;2230;1490;1480;1380;1290;1450;34,1;34,1;32,4;30,9;34,8
"Maassluis";940;950;890;850;950;1180;1200;1120;1040;1160;1440;1450;1360;1260;1410;2220;2070;1860;1780;1920;1110;1120;1050;980;1100;15,5;15,8;14,9;14,0;15,9
"Maastricht";880;870;820;780;880;1390;1370;1310;1210;1370;1590;1570;1480;1370;1540;2700;2680;2510;2270;2530;1220;1210;1150;1080;1210;70,7;70,6;67,0;62,7;71,4
"Medemblik";770;780;720;710;770;1240;1250;1150;1100;1260;1400;1410;1300;1240;1410;2000;2010;1850;1770;1980;1470;1490;1370;1310;1480;25,6;26,3;24,4;23,5;26,6
"Meerssen";970;960;910;880;1030;1460;1440;1350;1240;1410;1630;1580;1490;1380;1570;2500;2470;2300;2110;2400;1720;1710;1600;1470;1670;13,9;13,8;12,9;11,9;13,6
"Meierijstad";800;810;780;800;850;1250;1250;1170;1100;1230;1460;1460;1370;1280;1430;2310;2320;2160;2010;2210;1480;1520;1420;1330;1480;46,1;47,7;45,4;43,3;48,5
"Meppel";900;880;810;790;880;1220;1210;1090;1040;1170;1420;1420;1280;1210;1360;2150;2170;1950;1850;2050;1350;1350;1220;1170;1300;19,5;19,7;17,9;17,4;19,7
"Middelburg";790;810;760;760;870;1190;1200;1110;1070;1230;1350;1380;1270;1220;1410;1810;1840;1710;1650;1870;1170;1190;1110;1070;1230;25,4;26,1;24,4;23,8;27,6
"Midden-Delfland";650;660;620;660;760;1060;1070;980;930;1050;1290;1280;1180;1110;1270;2170;2290;2080;1940;2170;1210;1230;1120;1060;1210;8,8;9,0;8,3;7,9;9,1
"Midden-Drenthe";850;840;800;830;960;1370;1380;1290;1210;1350;1570;1580;1460;1370;1540;2160;2200;2020;1880;2110;1670;1720;1590;1490;1680;22,2;23,2;21,4;20,2;22,8
"Midden-Groningen";950;980;870;850;1000;1410;1410;1310;1250;1390;1600;1610;1490;1410;1580;2100;2140;1970;1890;2130;1570;1610;1490;1420;1600;41,2;42,5;39,3;37,6;42,3
"Moerdijk";740;770;710;720;760;1220;1230;1130;1050;1180;1430;1440;1320;1230;1390;2040;2070;1900;1790;2020;1410;1430;1320;1240;1390;21,6;22,0;20,3;19,3;21,7
"Molenlanden";780;800;760;820;900;1140;1150;1060;1000;1140;1350;1350;1260;1190;1350;2200;2240;2060;1870;2110;1470;1490;1370;1290;1450;23,5;24,0;22,2;20,8;23,7
"Montferland";860;840;810;930;1040;1280;1260;1160;1090;1230;1420;1410;1300;1220;1370;2170;2170;1980;1890;2100;1560;1550;1420;1340;1500;22,5;22,7;21,1;20,1;22,6
"Montfoort";810;820;790;780;900;1210;1210;1130;1070;1210;1450;1440;1360;1270;1440;2270;2330;2180;1990;2310;1390;1420;1330;1240;1420;7,4;7,6;7,2;6,7;7,7
"Mook en Middelaar";900;870;850;830;880;1370;1360;1260;1180;1350;1580;1560;1440;1360;1540;2500;2460;2280;2110;2340;1760;1730;1610;1500;1670;5,9;5,9;5,4;5,1;5,8
"Neder-Betuwe";760;790;750;880;920;1270;1260;1180;1110;1250;1420;1420;1330;1260;1400;2360;2330;2160;2010;2260;1670;1630;1520;1420;1590;13,3;13,2;12,5;11,9;13,3
"Nederweert";760;780;740;760;810;1380;1370;1270;1180;1330;1490;1480;1370;1270;1440;2180;2190;2020;1940;2110;1640;1650;1530;1450;1610;11,2;11,4;10,6;10,2;11,4
"Nieuwegein";230;240;220;230;260;650;650;600;580;660;900;890;830;800;910;1500;1500;1410;1330;1480;560;570;530;510;580;14,6;15,2;14,2;13,9;15,9
"Nieuwkoop";790;800;720;770;860;1220;1220;1160;1080;1180;1430;1440;1370;1280;1420;2120;2130;1970;1910;2020;1440;1460;1360;1280;1410;15,0;15,5;14,6;13,9;15,4
"Nijkerk";850;820;790;760;870;1240;1220;1130;1080;1240;1470;1440;1330;1270;1450;2340;2300;2130;1970;2180;1460;1430;1320;1250;1420;22,4;22,4;21,3;20,3;23,1
"Nijmegen";930;900;820;790;890;1200;1180;1060;1010;1140;1450;1430;1280;1210;1370;2570;2500;2260;2130;2330;1160;1150;1040;990;1120;85,3;85,9;78,7;75,8;86,3
"Nissewaard";760;790;750;720;780;1090;1110;1020;990;1120;1330;1350;1250;1190;1350;1980;2030;1870;1810;1990;1070;1100;1020;990;1100;39,0;40,1;37,5;36,4;40,8
"Noardeast-Fryslân";910;920;920;890;970;1310;1330;1250;1180;1340;1430;1450;1360;1290;1430;1830;1920;1760;1740;1930;1520;1580;1460;1420;1580;29,1;30,3;28,0;27,5;30,7
"Noord-Beveland";830;670;730;730;780;1070;1100;1010;950;1090;1180;1230;1130;1050;1190;1580;1630;1490;1460;1650;1260;1310;1210;1160;1310;5,2;5,4;5,0;4,9;5,6
"Noordenveld";940;940;860;910;1050;1430;1440;1330;1260;1410;1570;1590;1460;1390;1540;2120;2160;1970;1910;2090;1680;1710;1560;1500;1660;23,1;23,5;21,6;20,9;23,2
"Noordoostpolder";860;860;790;750;810;1240;1230;1140;1080;1230;1460;1450;1330;1260;1420;2000;2110;1930;2070;2220;1380;1420;1310;1290;1440;25,3;26,4;24,6;24,5;27,5
"Noordwijk";820;840;780;760;900;1240;1250;1160;1090;1240;1530;1540;1450;1360;1530;2790;2790;2570;2210;2400;1330;1340;1250;1160;1320;24,3;24,6;23,2;21,7;24,9
"Nuenen, Gerwen en Nederwetten";780;780;740;680;790;1490;1480;1390;1290;1450;1640;1630;1540;1430;1590;2490;2480;2320;2130;2360;1660;1660;1560;1440;1610;15,7;15,8;14,9;13,9;15,8
"Nunspeet";860;850;800;850;970;1270;1250;1170;1090;1220;1440;1420;1320;1240;1380;2400;2350;2170;1970;2190;1660;1590;1470;1360;1510;16,3;15,9;15,0;14,0;15,9
"Oegstgeest";790;800;730;700;790;1170;1190;1110;1050;1190;1650;1650;1520;1440;1620;2930;2890;2640;2420;2630;1250;1280;1180;1120;1260;12,2;12,6;11,9;11,4;13,0
"Oirschot";890;900;850;850;930;1320;1310;1220;1150;1310;1420;1440;1340;1270;1430;2230;2230;2060;1860;2030;1610;1650;1520;1410;1570;11,6;12,0;11,3;10,5;11,8
"Oisterwijk";800;850;810;770;860;1290;1290;1210;1120;1250;1440;1440;1340;1240;1410;2580;2540;2370;2100;2380;1600;1590;1490;1360;1530;20,3;20,6;19,5;17,9;20,3
"Oldambt";1020;1020;880;890;1020;1480;1500;1390;1320;1470;1680;1690;1560;1490;1660;2110;2150;1970;1890;2100;1660;1700;1560;1500;1670;28,6;29,4;27,0;26,1;29,3
"Oldebroek";880;860;810;1050;1140;1230;1220;1150;1080;1190;1410;1400;1310;1240;1350;2160;2150;2010;1920;2080;1590;1590;1490;1410;1540;13,7;13,8;13,0;12,4;13,7
"Oldenzaal";870;880;770;760;920;1340;1330;1170;1120;1360;1540;1530;1340;1290;1560;2310;2310;2010;1930;2320;1470;1460;1280;1220;1480;19,8;19,8;17,3;16,8;20,4
"Olst-Wijhe";780;790;730;810;950;1270;1250;1160;1090;1230;1410;1410;1300;1220;1360;2120;2180;1990;1850;2060;1550;1570;1440;1360;1530;11,0;11,2;10,4;9,9;11,2
"Ommen";940;940;910;910;1070;1410;1370;1240;1160;1310;1490;1460;1300;1220;1390;2170;2220;2040;1900;2120;1660;1680;1550;1440;1630;11,2;11,5;10,8;10,2;11,6
"Oost Gelre";940;940;860;900;1020;1310;1300;1220;1140;1290;1450;1430;1340;1260;1420;2120;2130;1970;1870;2070;1520;1530;1420;1360;1530;18,2;18,4;17,2;16,5;18,6
"Oosterhout";740;740;710;690;770;1180;1180;1090;1030;1180;1380;1380;1280;1190;1370;2310;2310;2140;1970;2230;1280;1250;1170;1100;1250;29,5;29,0;27,6;26,0;29,7
"Ooststellingwerf";920;910;860;800;920;1400;1390;1280;1210;1320;1570;1560;1420;1330;1470;2030;2090;1910;1790;2000;1670;1700;1560;1470;1630;17,6;18,0;16,6;15,5;17,5
"Oostzaan";840;850;790;770;880;1250;1260;1180;1130;1280;1500;1510;1410;1330;1520;2110;2150;1990;1830;2070;1400;1410;1310;1250;1420;5,3;5,4;5,1;4,8;5,5
"Opmeer";760;790;760;810;880;1160;1180;1090;1030;1190;1390;1400;1310;1270;1430;2000;2050;1890;1850;2060;1460;1480;1370;1330;1480;6,5;6,6;6,2;6,0;6,9
"Opsterland";860;870;820;800;890;1340;1350;1250;1180;1290;1490;1480;1380;1300;1400;1940;2000;1850;1800;1990;1580;1640;1520;1470;1610;19,2;20,1;18,6;18,1;20,0
"Oss";810;820;750;740;840;1280;1290;1210;1130;1290;1480;1490;1390;1300;1490;2280;2290;2120;1950;2220;1450;1450;1350;1270;1440;53,4;54,0;50,7;48,0;55,1
"Oude IJsselstreek";830;850;800;860;1000;1230;1200;1120;1060;1190;1380;1350;1260;1190;1340;2190;2160;1980;1910;2150;1540;1540;1430;1350;1530;24,9;25,0;23,3;22,1;25,0
"Ouder-Amstel";900;1050;1010;970;790;1330;1330;1220;1190;1350;1600;1600;1470;1390;1610;2550;2530;2300;2110;2420;1280;1370;1270;1210;1260;7,0;7,6;7,3;7,1;7,4
"Oudewater";800;770;750;770;920;1240;1250;1190;1130;1270;1430;1450;1360;1310;1450;2330;2340;2190;1980;2300;1430;1450;1360;1290;1470;5,8;5,9;5,6;5,3;6,0
"Overbetuwe";820;840;770;790;890;1260;1240;1160;1080;1220;1470;1450;1350;1260;1410;2230;2220;2050;1910;2120;1510;1490;1380;1290;1450;27,6;27,3;25,6;24,2;27,4
"Papendrecht";780;760;750;730;840;1090;1100;1030;970;1110;1340;1350;1260;1180;1360;1910;1890;1730;1640;1770;1070;1060;1000;950;1090;14,3;14,3;13,5;12,8;14,8
"Peel en Maas";850;840;820;900;960;1320;1300;1220;1130;1260;1470;1440;1350;1250;1390;2210;2180;2040;1900;2100;1610;1620;1520;1420;1570;27,3;27,6;26,1;24,5;27,3
"Pekela";940;910;870;890;980;1560;1560;1450;1390;1560;1760;1740;1630;1540;1730;2150;2170;1990;1900;2110;1770;1760;1630;1570;1750;9,6;9,5;8,9;8,5;9,5
"Pijnacker-Nootdorp";530;520;490;550;570;1000;1000;930;900;1000;1290;1280;1180;1150;1300;1900;1900;1820;1700;1870;1010;1040;970;950;1050;19,4;20,3;19,2;19,3;21,4
"Purmerend";250;260;230;230;270;430;430;400;370;430;610;610;560;530;600;1620;1660;1510;1490;1680;490;500;460;440;500;18,0;18,5;17,2;16,7;19,2
"Putten";780;680;650;700;820;1190;1160;1090;1040;1140;1420;1380;1280;1210;1330;2350;2330;2150;1980;2230;1620;1590;1470;1380;1550;14,7;14,4;13,4;12,6;14,4
"Raalte";790;790;790;830;970;1330;1310;1220;1140;1280;1480;1460;1360;1280;1430;2050;2070;1920;1840;2020;1520;1550;1440;1360;1530;22,0;22,7;21,3;20,4;23,0
"Reimerswaal";760;780;710;740;800;1090;1110;1050;1010;1160;1260;1270;1190;1150;1300;1770;1820;1670;1610;1830;1310;1350;1240;1210;1370;11,1;11,5;10,7;10,5;12,0
"Renkum";1140;1080;1020;960;1080;1330;1300;1210;1140;1280;1600;1550;1450;1360;1540;2900;2820;2620;2400;2660;1690;1640;1530;1430;1600;23,3;22,7;21,4;20,2;22,6
"Renswoude";810;790;750;800;860;1300;1260;1160;1080;1160;1550;1500;1370;1310;1380;2320;2350;2170;2040;2290;1490;1570;1440;1370;1490;2,7;2,9;2,7;2,7;3,0
"Reusel-De Mierden";760;750;730;830;880;1210;1210;1130;1040;1090;1450;1450;1340;1230;1280;2080;2090;1950;1840;2040;1660;1640;1530;1450;1580;8,3;8,3;7,8;7,5;8,2
"Rheden";1010;960;940;870;960;1380;1350;1260;1180;1320;1600;1570;1470;1380;1530;2810;2760;2580;2360;2660;1540;1510;1420;1330;1490;30,6;29,9;28,3;26,5;29,8
"Rhenen";870;840;790;760;860;1280;1270;1160;1080;1230;1500;1480;1360;1240;1420;2310;2260;2090;2070;2320;1550;1520;1400;1310;1490;11,5;11,5;10,7;10,1;11,6
"Ridderkerk";800;790;740;710;810;1180;1180;1090;1050;1180;1420;1430;1300;1250;1430;2440;2450;2220;2040;2320;1130;1140;1050;1000;1140;22,1;22,5;20,9;19,8;22,7
"Rijssen-Holten";950;920;830;880;1010;1390;1370;1270;1190;1330;1570;1550;1420;1350;1500;2330;2340;2150;1990;2240;1650;1630;1490;1400;1570;22,3;22,3;20,7;19,4;22,0
"Rijswijk";1070;1060;990;940;1050;1440;1430;1330;1270;1280;1660;1650;1520;1450;1360;2680;2660;2380;2150;2180;1200;1200;1120;1050;1130;29,4;29,7;28,0;26,6;29,0
"Roerdalen";830;860;930;830;1000;1350;1350;1260;1180;1300;1490;1490;1410;1300;1440;2140;2130;1990;1850;2100;1660;1660;1560;1440;1630;14,7;14,7;13,9;12,9;14,6
"Roermond";860;850;810;780;880;1300;1290;1220;1150;1300;1490;1480;1400;1300;1480;2230;2200;2050;1900;2150;1300;1330;1250;1170;1330;33,3;34,0;32,3;30,5;34,8
"Roosendaal";820;830;740;710;760;1220;1230;1150;1080;1230;1470;1480;1360;1280;1450;2190;2190;2020;1900;2130;1360;1370;1260;1190;1330;44,6;45,1;41,6;39,6;44,6
"Rotterdam";740;730;700;670;780;1020;1020;960;920;1040;1260;1270;1180;1130;1280;2560;2520;2210;2000;2220;840;850;800;770;880;244,1;248,2;235,2;227,7;262,7
"Rozendaal";"?";"?";"?";1090;1110;1790;1720;1590;1570;1750;2040;1990;1860;1770;1960;3460;3350;3160;2780;2960;2500;2390;2240;2030;2250;1,5;1,5;1,4;1,3;1,5
"Rucphen";810;820;760;830;940;1260;1260;1160;1070;1170;1360;1360;1240;1170;1270;2250;2260;2070;1920;2170;1730;1750;1610;1500;1670;15,6;15,8;14,7;13,8;15,6
"Schagen";750;760;730;750;830;1220;1240;1150;1090;1230;1390;1410;1310;1240;1400;1950;2020;1870;1820;2050;1400;1440;1330;1280;1440;26,3;27,1;25,4;24,4;27,8
"Scherpenzeel";860;850;800;810;890;1330;1330;1220;1160;1240;1550;1550;1430;1350;1440;2350;2330;2140;1930;2160;1530;1520;1410;1320;1440;5,5;5,6;5,2;5,0;5,6
"Schiedam";940;940;890;860;980;1190;1210;1140;1090;1210;1420;1440;1360;1300;1450;2110;2140;2010;1940;2210;1060;1060;1000;960;1090;36,6;36,7;34,7;33,7;38,2
"Schiermonnikoog";1190;1510;1400;1300;1540;1130;1030;880;840;1060;1410;1420;1290;1170;1230;2190;2180;1980;1890;2090;1630;1690;1530;1440;1550;0,9;0,9;0,8;0,8;0,9
"Schouwen-Duiveland";750;770;720;720;770;1160;1190;1110;1060;1200;1300;1320;1240;1180;1320;1850;1890;1770;1670;1910;1400;1450;1350;1290;1460;22,1;22,7;21,3;20,4;23,2
"'s-Hertogenbosch";840;840;770;740;820;1250;1250;1160;1090;1250;1450;1450;1350;1270;1450;2310;2300;2150;1960;2200;1220;1220;1140;1070;1200;80,5;81,9;76,9;73,2;83,1
"Simpelveld";940;940;890;930;1070;1500;1490;1390;1290;1460;1670;1660;1570;1460;1680;2240;2240;2110;1940;2200;1590;1580;1470;1380;1580;7,8;7,8;7,3;6,7;7,7
"Sint-Michielsgestel";770;760;750;770;840;1310;1310;1210;1130;1290;1490;1490;1380;1290;1470;2460;2480;2280;2060;2330;1710;1690;1570;1450;1640;18,9;19,1;17,8;16,6;18,9
"Sittard-Geleen";910;870;800;770;880;1310;1300;1220;1120;1260;1530;1510;1410;1290;1460;2290;2250;2110;1940;2190;1370;1360;1270;1180;1340;59,7;59,3;55,3;51,8;58,6
"Sliedrecht";870;890;840;780;830;1150;1150;1060;1010;1090;1390;1380;1280;1200;1330;2120;2100;1930;1860;2110;1170;1170;1090;1040;1130;12,0;12,0;11,3;10,6;11,8
"Sluis";820;830;770;780;850;1210;1240;1150;1110;1260;1370;1400;1320;1250;1430;1700;1760;1640;1640;1870;1350;1390;1290;1270;1440;17,8;18,2;17,2;16,9;19,1
"Smallingerland";930;940;860;840;910;1330;1340;1240;1180;1340;1470;1470;1350;1300;1480;1970;2010;1850;1780;1980;1430;1440;1330;1270;1430;34,2;34,4;32,0;30,8;34,7
"Soest";960;950;870;840;930;1390;1370;1250;1180;1320;1660;1650;1500;1410;1570;2800;2770;2520;2240;2560;1530;1530;1390;1300;1460;29,3;29,4;26,9;25,3;28,8
"Someren";850;850;800;790;910;1270;1260;1170;1090;1250;1370;1360;1260;1190;1350;2280;2290;2120;1970;2170;1620;1620;1500;1400;1570;12,0;12,1;11,4;10,7;12,1
"Son en Breugel";790;790;750;720;820;1540;1520;1410;1300;1480;1680;1640;1520;1420;1610;2850;2770;2560;2360;2600;1820;1720;1600;1470;1660;12,0;11,4;10,7;10,0;11,4
"Stadskanaal";890;890;840;860;960;1510;1500;1400;1320;1430;1640;1630;1510;1440;1560;2200;2220;2050;1910;2140;1640;1650;1530;1460;1620;23,5;23,7;22,0;21,0;23,2
"Staphorst";1230;1190;960;1360;1610;1390;1370;1260;1180;1360;1470;1450;1340;1260;1450;2140;2190;2000;1980;2210;1790;1830;1660;1620;1820;9,7;10,1;9,2;9,0;10,3
"Stede Broec";780;830;700;650;720;1240;1260;1160;1110;1280;1410;1440;1320;1260;1440;1790;1840;1690;1620;1880;1360;1390;1270;1220;1400;11,6;11,9;11,0;10,5;12,1
"Steenbergen";800;800;730;740;790;1250;1250;1150;1080;1200;1400;1410;1290;1220;1370;2000;2040;1880;1790;2010;1440;1470;1350;1280;1420;13,8;14,1;13,1;12,6;14,0
"Steenwijkerland";890;890;800;820;960;1280;1280;1170;1130;1280;1490;1490;1350;1290;1450;2090;2140;1940;1830;2080;1530;1570;1430;1370;1550;28,5;29,4;26,8;25,9;29,6
"Stein";820;810;780;770;880;1370;1350;1250;1160;1320;1560;1540;1440;1330;1530;2080;2060;1910;1760;2000;1520;1510;1400;1310;1490;16,7;16,6;15,5;14,5;16,5
"Stichtse Vecht";850;850;800;770;850;1270;1270;1180;1130;1290;1560;1560;1450;1390;1580;2520;2550;2320;1980;2280;1400;1410;1310;1210;1380;36,6;37,2;34,6;32,6;37,2
"Súdwest-Fryslân";890;890;820;830;910;1290;1310;1210;1160;1320;1460;1480;1360;1300;1470;1810;1880;1730;1740;1940;1400;1450;1330;1300;1460;54,6;56,7;52,5;51,6;58,4
"Terneuzen";830;830;770;750;840;1190;1230;1140;1090;1250;1390;1430;1320;1250;1420;1790;1820;1690;1620;1860;1300;1340;1250;1200;1360;32,7;33,8;31,7;30,3;34,7
"Terschelling";1100;1220;1160;1140;1340;1280;1350;1250;1190;1380;1400;1460;1380;1270;1510;2120;2190;1990;1880;2160;1600;1700;1560;1490;1710;3,4;3,6;3,4;3,2;3,7
"Texel";860;910;860;900;990;1140;1220;1130;1080;1210;1420;1490;1400;1300;1450;1950;2060;1860;1750;1990;1450;1520;1400;1330;1490;8,8;9,4;8,7;8,3;9,5
"Teylingen";840;820;760;720;800;1170;1180;1080;1020;1160;1450;1450;1330;1260;1430;2610;2600;2360;2160;2420;1300;1300;1190;1120;1260;18,4;18,9;17,5;16,9;19,2
"Tholen";750;750;710;670;750;1180;1200;1110;1060;1200;1310;1330;1250;1190;1340;1790;1820;1690;1660;1850;1310;1330;1240;1190;1340;13,2;13,5;12,7;12,3;14,0
"Tiel";890;910;840;820;910;1230;1220;1140;1060;1200;1460;1460;1360;1260;1440;2420;2400;2230;2020;2300;1350;1330;1240;1150;1310;22,6;22,4;21,0;19,6;22,4
"Tilburg";520;500;470;500;540;920;920;860;830;940;1140;1140;1060;1010;1130;2080;2070;1950;1810;2000;870;880;820;800;900;79,3;81,1;76,9;76,3;86,3
"Tubbergen";930;930;820;1080;1340;1340;1340;1190;1110;1350;1510;1510;1320;1260;1510;2180;2270;1960;1900;2260;1830;1900;1640;1520;1820;14,4;15,1;13,1;12,3;14,9
"Twenterand";820;880;800;910;1100;1310;1310;1170;1130;1340;1430;1430;1260;1230;1460;2040;2080;1840;1810;2120;1580;1600;1420;1390;1640;20,2;20,6;18,3;18,0;21,3
"Tynaarlo";1030;1040;940;940;1090;1470;1460;1340;1260;1420;1620;1620;1480;1400;1570;2390;2400;2200;2020;2230;1820;1840;1690;1570;1760;24,1;24,6;22,8;21,4;24,1
"Tytsjerksteradiel";910;910;850;810;900;1340;1370;1280;1210;1330;1470;1490;1370;1300;1430;1910;1960;1810;1760;1940;1560;1590;1470;1420;1560;20,1;20,6;19,3;18,8;20,7
"Uitgeest";740;750;720;710;800;1230;1260;1170;1130;1290;1440;1470;1360;1310;1500;2030;2070;1940;1830;2050;1310;1330;1240;1190;1350;6,9;7,0;6,6;6,4;7,3
"Uithoorn";1000;900;840;810;900;1240;1250;1180;1120;1200;1520;1520;1430;1360;1440;2200;2260;2080;1900;2130;1290;1280;1200;1140;1240;15,5;15,6;14,6;13,8;15,4
"Urk";770;790;770;710;810;1420;1420;1320;1270;1430;1660;1650;1520;1460;1650;2190;2180;2060;1930;2170;1520;1500;1400;1330;1490;9,0;9,0;8,5;8,3;9,5
"Utrecht";570;560;510;510;560;1050;1030;970;920;1050;1160;1150;1070;1020;1150;1890;1830;1750;1690;1870;760;790;730;710;790;108,4;112,4;105,9;105,2;119,2
"Utrechtse Heuvelrug";890;870;820;840;890;1350;1320;1240;1170;1310;1610;1560;1450;1380;1520;2880;2820;2610;2320;2630;1730;1670;1560;1460;1630;34,9;34,0;31,8;30,0;33,5
"Vaals";1040;1020;920;880;980;1460;1470;1360;1290;1420;1650;1640;1500;1410;1620;2460;2480;2290;2200;2480;1460;1450;1330;1270;1410;7,6;7,5;7,2;6,9;7,7
"Valkenburg aan de Geul";970;940;920;900;1050;1470;1450;1380;1280;1460;1720;1700;1600;1470;1650;2500;2470;2330;2100;2380;1600;1590;1510;1390;1590;12,3;12,2;11,7;10,9;12,4
"Valkenswaard";800;800;750;730;770;1340;1340;1250;1160;1310;1520;1510;1410;1320;1500;2520;2510;2320;2100;2380;1470;1440;1340;1250;1400;19,9;19,7;18,5;17,4;19,6
"Veendam";980;1010;930;910;1040;1550;1550;1440;1360;1530;1720;1720;1620;1510;1700;2210;2250;2080;1950;2190;1650;1690;1560;1470;1650;19,8;20,3;18,8;17,8;20,0
"Veenendaal";860;830;760;720;810;1250;1210;1070;1000;1130;1480;1440;1270;1180;1340;2500;2440;2230;1970;2190;1240;1200;1080;1000;1130;31,4;31,1;28,3;26,8;30,5
"Veere";810;820;750;910;1030;1170;1200;1100;1060;1210;1320;1350;1240;1180;1350;1810;1870;1710;1640;1890;1410;1450;1340;1300;1490;14,4;14,9;13,8;13,4;15,4
"Veldhoven";760;810;800;740;780;1260;1260;1180;1100;1250;1480;1480;1380;1280;1440;2300;2310;2140;1980;2220;1400;1420;1330;1240;1380;25,5;26,0;24,7;23,3;26,1
"Velsen";980;990;920;850;940;1230;1240;1150;1100;1270;1540;1550;1440;1370;1570;2590;2610;2400;2190;2570;1260;1270;1180;1110;1260;36,6;36,6;34,2;32,6;37,2
"Venlo";920;920;830;810;890;1340;1340;1270;1180;1340;1540;1530;1450;1350;1530;2450;2410;2250;2060;2290;1390;1390;1300;1220;1370;61,0;61,0;57,4;54,2;61,4
"Venray";880;880;800;780;860;1300;1280;1190;1120;1270;1490;1470;1360;1270;1450;2230;2250;2080;1960;2160;1480;1520;1410;1320;1480;26,3;27,0;25,1;23,8;26,8
"Vijfheerenlanden";850;880;810;760;830;1200;1200;1100;1040;1160;1380;1370;1270;1200;1330;2200;2200;2030;1870;2090;1330;1370;1260;1180;1300;28,3;29,5;27,7;26,3;29,6
"Vlaardingen";950;930;860;820;900;1230;1240;1140;1100;1240;1490;1490;1380;1330;1480;2940;2930;2630;2420;2670;1100;1090;1020;970;1080;36,0;36,1;33,6;32,3;36,0
"Vlieland";1190;1400;1470;940;990;1140;1180;950;940;1030;1330;1350;1120;1150;1180;1850;1960;1760;1650;1790;1370;1440;1300;1160;1230;0,7;0,7;0,7;0,6;0,7
"Vlissingen";860;870;830;790;920;1100;1120;1050;1010;1150;1250;1290;1210;1150;1310;1680;1690;1590;1510;1720;1090;1110;1040;990;1140;23,0;23,7;22,3;21,4;24,5
"Voerendaal";950;940;900;900;1010;1410;1390;1320;1230;1430;1560;1550;1450;1360;1550;2420;2410;2260;2070;2350;1700;1680;1580;1480;1690;9,2;9,1;8,6;8,1;9,2
"Voorne aan Zee";770;780;720;730;770;1140;1160;1060;1030;1160;1330;1360;1250;1210;1360;2200;2200;2030;1910;2140;1260;1290;1190;1140;1270;38,3;39,5;36,4;35,2;39,5
"Voorschoten";880;880;790;770;870;1360;1370;1270;1200;1370;1700;1720;1600;1490;1700;2720;2770;2510;2360;2600;1330;1340;1230;1160;1320;14,2;14,4;13,2;12,6;14,3
"Voorst";770;770;730;900;1110;1290;1290;1200;1130;1270;1420;1400;1320;1260;1390;2270;2300;2100;1950;2170;1660;1660;1540;1430;1620;16,3;16,4;15,2;14,3;16,3
"Vught";840;860;810;810;900;1310;1310;1230;1160;1320;1550;1550;1450;1390;1580;2740;2700;2510;2300;2530;1560;1560;1470;1390;1560;19,4;19,7;18,6;17,7;20,1
"Waadhoeke";870;850;830;780;920;1290;1330;1250;1180;1360;1410;1450;1340;1280;1460;1790;1880;1720;1720;1910;1450;1520;1410;1370;1540;28,4;30,0;27,9;27,3;30,9
"Waalre";790;820;780;770;830;1460;1460;1360;1270;1440;1640;1640;1520;1410;1620;3050;3000;2790;2420;2680;1770;1750;1620;1490;1660;12,6;12,4;11,6;10,9;12,2
"Waalwijk";800;810;760;760;820;1190;1200;1130;1070;1200;1410;1420;1330;1260;1400;2130;2160;2030;1880;2130;1340;1360;1270;1210;1350;26,7;27,5;26,1;24,9;27,9
"Waddinxveen";860;860;770;760;810;1170;1160;1070;1020;1130;1420;1400;1280;1230;1340;2290;2350;2120;1920;2070;1200;1210;1110;1060;1150;12,7;13,4;12,5;12,2;13,8
"Wageningen";960;930;880;780;820;1000;990;930;900;930;1240;1220;1140;1080;1180;2680;2620;2380;2180;2400;1430;1160;1090;1000;1060;22,7;18,7;17,9;16,7;18,1
"Wassenaar";1040;1030;960;950;1060;1520;1530;1430;1350;1540;1900;1930;1770;1670;1900;4270;4240;3940;3110;3430;1880;1960;1820;1640;1840;21,6;22,4;20,9;18,9;21,3
"Waterland";930;940;860;840;920;1340;1340;1230;1180;1340;1630;1630;1470;1410;1620;2200;2250;2060;1960;2220;1520;1530;1400;1340;1510;10,3;10,4;9,6;9,2;10,5
"Weert";870;860;800;760;820;1310;1310;1200;1120;1270;1500;1500;1380;1290;1450;2250;2270;2080;1950;2150;1450;1460;1350;1270;1400;30,5;31,1;28,9;27,3;30,6
"West Betuwe";800;800;760;810;880;1180;1180;1090;1020;1150;1350;1350;1250;1170;1330;2260;2280;2100;1920;2160;1620;1600;1480;1380;1550;30,8;30,8;28,8;27,1;30,6
"West Maas en Waal";910;910;860;920;1050;1190;1190;1100;1010;1150;1350;1330;1220;1140;1270;2230;2260;2080;1960;2190;1670;1680;1550;1460;1640;12,5;12,7;11,8;11,3;12,9
"Westerkwartier";1010;1030;850;790;850;1390;1400;1300;1220;1350;1520;1540;1420;1350;1490;2100;2150;1970;1910;2100;1690;1730;1590;1520;1670;42,0;43,3;40,3;39,1;43,2
"Westerveld";950;950;850;890;1080;1320;1300;1180;1110;1280;1480;1480;1350;1300;1430;2210;2250;2030;1970;2200;1800;1840;1660;1600;1800;14,2;14,6;13,3;12,8;14,5
"Westervoort";230;220;200;240;280;680;680;630;600;680;820;820;760;720;830;1800;1740;1600;1510;1720;810;810;750;710;810;5,0;5,1;4,7;4,5;5,1
"Westerwolde";1060;1080;900;1020;1190;1530;1540;1440;1360;1520;1720;1750;1620;1530;1710;2170;2210;2030;1950;2170;1840;1880;1720;1680;1880;20,7;21,2;19,3;18,9;21,0
"Westland";770;780;730;720;810;1110;1120;1040;990;1110;1350;1360;1260;1200;1360;2270;2300;2110;1940;2220;1220;1250;1160;1100;1240;49,3;51,4;48,5;46,5;53,4
"Weststellingwerf";940;940;860;850;940;1290;1290;1200;1140;1270;1430;1430;1320;1240;1390;2000;2060;1900;1810;2010;1590;1630;1510;1430;1590;17,2;17,8;16,5;15,8;17,6
"Wierden";890;880;770;850;1020;1350;1350;1180;1120;1360;1480;1490;1310;1260;1490;2240;2230;1940;1830;2160;1670;1670;1460;1390;1660;15,2;15,1;13,4;12,9;15,5
"Wijchen";760;750;690;720;790;1180;1160;1090;1030;1170;1400;1360;1280;1200;1370;2230;2220;2090;1920;2170;1370;1360;1270;1200;1360;22,6;22,9;21,4;20,4;23,2
"Wijdemeren";850;850;710;780;910;1360;1340;1240;1160;1340;1660;1640;1510;1420;1640;2730;2720;2530;2110;2410;1660;1680;1520;1370;1580;16,5;16,7;15,3;13,8;16,0
"Wijk bij Duurstede";850;840;810;820;840;1240;1240;1140;1090;1240;1450;1430;1340;1260;1450;2460;2470;2270;2070;2330;1360;1380;1270;1210;1350;12,7;12,9;11,9;11,5;13,0
"Winterswijk";870;880;840;860;1000;1280;1270;1190;1110;1280;1490;1460;1380;1290;1470;2240;2200;2040;1980;2200;1510;1510;1410;1330;1510;18,3;18,4;17,4;16,5;18,9
"Woensdrecht";850;830;780;730;840;1170;1170;1090;1020;1160;1380;1370;1270;1210;1380;2060;2060;1900;1780;2000;1510;1520;1400;1320;1500;13,9;14,0;13,0;12,3;14,0
"Woerden";790;790;740;710;790;1230;1230;1160;1100;1240;1500;1500;1400;1320;1480;2360;2390;2240;2060;2300;1300;1310;1230;1150;1290;26,3;26,7;25,3;24,0;27,2
"Wormerland";890;860;810;810;920;1200;1200;1110;1080;1230;1420;1410;1320;1290;1450;2100;2150;2000;1900;2160;1330;1340;1250;1210;1370;8,4;8,6;8,2;7,9;8,9
"Woudenberg";790;780;730;700;700;1330;1300;1200;1120;1260;1540;1500;1380;1300;1460;2380;2370;2200;2000;2200;1510;1500;1380;1300;1420;7,0;7,0;6,6;6,3;7,1
"Zaanstad";970;960;900;860;910;1170;1170;1080;1050;1190;1430;1430;1330;1280;1450;2080;2110;1930;1850;2090;1220;1220;1130;1090;1200;77,3;77,7;72,8;70,3;77,9
"Zaltbommel";840;810;740;730;810;1220;1220;1120;1060;1190;1400;1390;1280;1210;1360;2190;2210;2030;1920;2150;1510;1520;1400;1320;1480;15,7;16,0;15,0;14,5;16,4
"Zandvoort";950;960;910;850;990;1300;1310;1230;1170;1340;1710;1730;1630;1560;1770;3280;3290;3110;2670;3150;1340;1350;1270;1180;1360;12,0;12,1;11,4;10,8;12,4
"Zeewolde";620;630;560;580;670;950;920;850;810;920;1070;1050;940;890;1000;1880;1970;1820;1730;1900;990;1050;960;920;1030;7,8;8,2;7,7;7,5;8,6
"Zeist";970;950;890;880;970;1370;1340;1240;1170;1330;1640;1600;1490;1400;1600;3390;3350;3120;2620;2970;1500;1470;1360;1280;1440;39,9;39,3;36,9;35,1;40,2
"Zevenaar";820;800;740;740;820;1240;1230;1130;1060;1190;1400;1390;1280;1190;1350;2040;2030;1860;1790;1990;1340;1360;1250;1190;1330;24,7;25,2;23,3;22,2;25,2
"Zoetermeer";820;810;790;750;830;1030;1030;970;930;1020;1280;1280;1210;1150;1280;1960;1970;1810;1710;1950;1010;1000;950;910;1000;52,8;52,5;50,4;48,2;53,2
"Zoeterwoude";760;770;730;750;770;1190;1190;1100;1040;1170;1460;1480;1360;1280;1430;2110;2190;2010;1910;2080;1260;1310;1210;1150;1250;4,2;4,3;4,0;3,8;4,4
"Zuidplas";780;780;770;740;800;1150;1160;1080;1030;1140;1400;1400;1300;1240;1360;2270;2320;2160;1910;2110;1230;1290;1210;1130;1250;19,7;20,9;20,0;19,2;21,8
"Zundert";780;780;730;770;910;1290;1290;1190;1110;1270;1480;1480;1360;1260;1420;2180;2200;2020;1850;2080;1700;1710;1570;1440;1630;14,8;15,1;14,0;12,8;14,8
"Zutphen";950;940;860;820;930;1270;1240;1150;1080;1230;1480;1440;1330;1250;1430;2330;2310;2130;1970;2180;1300;1280;1180;1110;1250;26,6;26,4;24,5;23,2;26,7
"Zwartewaterland";850;840;780;800;880;1310;1310;1200;1160;1320;1510;1500;1390;1320;1520;2160;2210;2010;1950;2160;1490;1510;1390;1330;1500;12,2;12,5;11,6;11,2;12,7
"Zwijndrecht";920;900;860;830;900;1240;1220;1130;1080;1230;1490;1480;1360;1290;1460;2570;2550;2340;2150;2430;1260;1200;1120;1070;1190;24,3;23,1;21,5;20,6;23,2
"Zwolle";870;850;780;740;830;1180;1180;1070;1020;1150;1380;1380;1260;1190;1340;2210;2230;2040;1930;2120;1180;1170;1070;1020;1140;62,1;62,4;58,2;55,9;63,7
