"Gemeenten";"Totaal elektriciteitsverbruik woningen geleverd via openbaar net|2017";"Totaal elektriciteitsverbruik woningen geleverd via openbaar net|2018";"Totaal elektriciteitsverbruik woningen geleverd via openbaar net|2019";"Totaal elektriciteitsverbruik woningen geleverd via openbaar net|2020";"Totaal elektriciteitsverbruik woningen geleverd via openbaar net|2021";"Totaal elektriciteitsverbruik woningen incl. zonnestroom achter de meter|2017";"Totaal elektriciteitsverbruik woningen incl. zonnestroom achter de meter|2018";"Totaal elektriciteitsverbruik woningen incl. zonnestroom achter de meter|2019";"Totaal elektriciteitsverbruik woningen incl. zonnestroom achter de meter|2020";"Totaal elektriciteitsverbruik woningen incl. zonnestroom achter de meter|2021"
"Aa en Hunze";34,3;33,5;32,5;33,0;33,8;36,1;35,9;35,8;37,5;39,1
"Aalsmeer";39,9;38,5;38,5;38,9;40,0;40,8;39,8;40,3;41,7;43,5
"Aalten";33,4;32,0;33,2;33,9;34,6;34,7;34,0;35,7;37,2;38,6
"Achtkarspelen";31,1;30,7;31,2;32,1;33,1;32,1;31,9;33,5;35,5;37,1
"Alblasserdam";22,7;22,3;21,8;21,8;22,6;23,0;22,8;22,4;22,7;23,8
"Albrandswaard";30,8;30,7;29,7;31,0;31,8;31,2;31,3;30,7;32,6;34,0
"Alkmaar";125,9;122,6;121,5;123,1;125,1;128,5;126,3;127,4;131,8;136,1
"Almelo";90,1;87,3;85,0;86,4;89,2;91,9;90,0;88,7;91,3;95,8
"Almere";237,7;231,0;235,9;247,6;252,9;244,0;240,4;247,8;264,6;273,5
"Alphen aan den Rijn";130,6;127,9;127,9;130,3;133,7;133,1;132,3;134,4;140,8;147,3
"Alphen-Chaam";14,8;15,1;14,9;15,1;15,5;15,2;15,6;15,7;16,3;17,2
"Altena";69,5;70,3;68,9;69,7;71,7;71,0;72,6;72,2;74,9;78,3
"Ameland";4,8;4,9;4,9;5,1;5,3;5,0;5,1;5,1;5,5;5,8
"Amersfoort";177,4;174,3;169,5;171,5;178,0;181,3;180,5;179,0;184,7;193,9
"Amstelveen";115,6;110,8;109,2;110,8;112,7;116,9;112,7;112,4;115,6;118,7
"Amsterdam";903,3;883,1;884,7;915,2;940,8;909,5;892,5;897,9;934,0;963,6
"Apeldoorn";195,9;190,6;192,9;197,9;203,1;200,6;197,6;203,0;212,5;221,4
"Arnhem";178,3;173,3;174,5;180,9;186,8;181,2;178,0;180,8;189,7;197,8
"Assen";78,9;77,2;75,0;76,5;78,3;82,5;81,7;81,5;85,2;88,3
"Asten";23,0;23,1;22,5;22,4;23,1;23,6;24,0;23,9;24,6;26,1
"Baarle-Nassau";9,3;9,5;9,3;9,4;9,8;9,5;9,8;9,7;10,1;10,6
"Baarn";33,3;31,6;30,9;31,8;32,4;34,0;32,6;32,1;33,3;34,4
"Barendrecht";60,5;59,1;57,2;57,9;58,9;61,4;60,4;59,2;61,1;63,6
"Barneveld";67,8;66,5;67,2;68,8;71,6;69,5;69,2;71,1;74,5;78,5
"Beek";22,2;21,8;21,2;21,3;21,8;23,2;23,3;23,2;23,8;24,7
"Beekdaelen";53,8;52,4;50,8;50,8;52,2;56,0;56,1;55,7;57,2;59,5
"Beesel";19,1;18,5;17,9;17,8;18,3;19,9;19,7;19,3;19,9;20,7
"Berg en Dal";45,5;44,4;44,5;45,5;46,2;46,6;46,3;47,1;49,1;50,7
"Bergeijk";27,4;27,1;26,3;26,6;27,0;28,2;28,2;28,1;29,4;30,7
"Bergen (L.)";19,1;19,2;18,8;19,0;19,0;19,7;20,2;20,1;20,9;21,5
"Bergen (NH.)";42,8;41,7;41,2;41,3;42,6;43,9;43,5;44,0;45,5;47,7
"Bergen op Zoom";84,8;84,0;81,7;84,2;84,8;86,9;87,1;85,7;89,8;92,1
"Berkelland";56,3;54,2;55,8;57,1;58,3;58,8;57,8;60,2;62,8;65,2
"Bernheze";42,5;42,8;42,0;42,4;43,5;43,6;44,5;44,4;46,5;48,9
"Best";40,6;39,2;38,3;38,5;39,6;41,7;40,9;41,2;42,7;45,0
"Beuningen";33,6;33,0;33,3;33,9;34,4;34,5;34,4;35,2;36,8;38,1
"Beverwijk";49,0;47,4;47,4;47,6;48,7;49,9;48,7;49,4;50,5;52,2
"Bladel";27,9;27,6;27,0;27,5;28,2;28,7;28,8;28,6;30,1;31,7
"Blaricum";17,3;18,1;18,2;18,6;20,0;17,5;18,5;18,7;19,3;21,0
"Bloemendaal";33,7;33,3;33,2;32,9;34,5;34,1;33,9;34,0;34,1;36,1
"Bodegraven-Reeuwijk";41,9;41,9;40,9;41,7;43,4;42,9;43,3;43,2;45,1;47,6
"Boekel";14,5;14,4;14,3;14,5;15,2;15,0;15,2;15,3;16,1;17,4
"Borger-Odoorn";35,1;34,9;34,1;33,8;34,4;37,1;37,6;37,4;38,0;39,4
"Borne";29,5;29,2;28,7;29,0;29,8;30,6;30,7;30,6;31,7;33,4
"Borsele";26,3;25,8;25,1;26,0;28,1;28,0;27,1;28,1;29,7;32,1
"Boxtel";42,7;42,1;40,9;41,2;42,0;44,4;44,4;43,9;45,3;47,0
"Breda";231,9;229,1;224,2;227,9;232,6;234,9;233,8;230,9;237,7;246,0
"Bronckhorst";50,5;49,1;50,1;50,9;51,7;52,4;52,1;53,7;55,8;57,6
"Brummen";26,3;25,7;26,0;26,4;27,0;27,2;27,2;27,7;28,9;30,6
"Brunssum";40,9;39,4;38,2;38,8;39,0;42,0;41,4;40,6;41,8;42,6
"Bunnik";19,0;18,8;18,1;18,2;18,8;19,6;19,7;19,4;20,1;21,1
"Bunschoten";27,0;27,3;26,9;27,0;27,8;27,7;28,1;28,0;28,6;29,8
"Buren";35,3;34,8;35,3;36,8;37,5;36,3;36,3;37,3;40,0;41,6
"Capelle aan den IJssel";84,4;82,8;80,4;80,5;83,0;85,1;83,8;82,0;82,7;85,8
"Castricum";43,4;41,9;42,3;42,3;44,0;44,9;44,0;45,6;46,9;49,7
"Coevorden";46,2;45,8;44,6;45,1;45,9;48,6;49,3;49,0;50,7;52,4
"Cranendonck";30,0;29,8;29,1;29,0;29,4;30,8;30,6;31,1;32,0;33,3
"Culemborg";32,0;30,9;31,6;32,5;33,5;33,1;32,8;33,7;35,5;37,1
"Dalfsen";35,3;35,0;34,7;35,1;37,0;37,5;38,1;38,5;40,0;42,6
"Dantumadiel";20,3;19,9;20,0;20,8;21,1;21,0;21,0;21,5;23,4;24,5
"De Bilt";60,0;58,0;56,9;56,4;58,5;60,9;59,3;58,6;58,9;61,9
"De Fryske Marren";60,5;59,3;60,9;63,7;65,6;62,7;62,8;65,5;70,6;74,3
"De Ronde Venen";56,7;56,4;54,2;54,8;56,4;58,3;58,9;57,6;59,2;61,9
"De Wolden";31,9;31,5;30,6;31,1;32,2;33,6;33,9;34,0;35,3;37,0
"Delft";117,3;115,4;114,2;114,2;120,5;118,8;117,6;117,1;118,1;125,4
"Den Haag";596,5;589,6;580,9;585,0;609,3;600,4;595,6;589,3;596,8;624,8
"Den Helder";66,0;64,1;63,8;64,6;65,5;67,4;66,0;66,7;69,3;71,6
"Deurne";45,5;45,0;44,3;44,6;45,2;46,6;46,2;46,6;48,1;50,0
"Deventer";118,0;114,6;112,2;114,9;117,8;121,2;119,2;117,8;122,6;127,4
"Diemen";38,5;33,4;33,9;37,7;37,8;38,9;34,1;34,9;39,2;39,7
"Dijk en Waard";95,4;93,0;96,7;99,1;102,7;99,8;98,1;104,3;109,6;115,8
"Dinkelland";37,8;37,0;36,1;35,8;37,1;39,4;39,1;38,7;39,3;41,6
"Doesburg";13,9;13,7;13,4;13,5;13,8;14,2;14,1;14,0;14,6;15,0
"Doetinchem";70,5;67,5;69,2;70,9;72,6;72,9;71,2;74,2;77,5;80,5
"Dongen";34,6;34,5;33,9;34,0;34,9;35,3;35,8;35,6;36,7;38,4
"Dordrecht";140,0;138,6;134,7;137,5;141,7;141,6;141,0;138,0;142,1;147,9
"Drechterland";23,5;23,5;23,9;24,4;25,4;24,6;24,9;25,9;27,2;28,8
"Drimmelen";36,8;36,5;35,7;36,1;36,9;37,5;37,7;37,3;38,5;40,1
"Dronten";47,5;45,6;47,9;49,6;51,5;50,0;49,2;52,5;55,9;58,8
"Druten";24,1;23,8;23,8;24,7;25,1;24,7;24,8;25,2;26,8;27,9
"Duiven";31,8;30,8;30,8;31,3;31,3;32,5;32,1;32,6;33,8;34,5
"Echt-Susteren";45,8;45,2;43,7;44,1;44,7;47,8;48,0;47,2;49,1;50,8
"Edam-Volendam";48,4;47,8;47,2;47,4;49,3;49,2;49,2;48,9;50,3;52,7
"Ede";147,1;132,5;133,7;138,2;142,7;150,9;138,1;141,1;148,8;155,5
"Eemnes";11,3;11,4;11,2;11,4;12,0;11,7;12,0;12,1;12,6;13,4
"Eemsdelta";56,4;55,4;54,5;56,7;58,4;61,6;61,9;60,6;63,8;66,5
"Eersel";27,5;26,7;26,4;27,0;27,9;28,4;28,0;28,2;29,6;31,6
"Eijsden-Margraten";35,9;35,1;33,8;34,1;35,1;37,7;37,8;37,4;38,7;40,5
"Eindhoven";284,5;272,4;268,2;273,7;281,2;289,2;279,9;280,5;292,1;303,5
"Elburg";27,0;26,4;26,2;26,6;27,8;27,5;27,7;28,2;29,6;31,3
"Emmen";139,5;137,0;133,2;134,7;137,5;143,7;143,4;143,5;148,3;153,9
"Enkhuizen";22,5;22,4;22,0;22,3;22,8;22,9;22,9;22,9;23,5;24,3
"Enschede";202,8;195,5;193,0;195,3;201,2;206,7;200,1;200,3;204,9;213,3
"Epe";43,1;42,6;42,8;43,9;45,0;43,9;44,3;45,0;47,0;49,0
"Ermelo";30,8;29,8;30,6;31,6;32,7;32,0;31,5;33,1;35,0;36,5
"Etten-Leur";58,9;58,1;57,1;57,8;58,5;60,1;59,9;59,6;61,5;63,3
"Geertruidenberg";28,3;28,2;27,5;27,5;27,7;28,8;29,0;28,7;29,2;30,0
"Geldrop-Mierlo";52,5;51,1;50,2;50,0;51,6;53,8;53,0;53,5;54,9;57,8
"Gemert-Bakel";41,9;42,2;40,8;40,6;41,4;43,2;44,1;43,5;44,7;46,8
"Gennep";23,7;23,3;22,8;23,0;23,3;24,5;24,3;24,3;25,3;26,1
"Gilze en Rijen";34,7;34,2;33,4;33,4;34,1;35,7;35,6;35,4;36,3;37,6
"Goeree-Overflakkee";60,6;61,1;59,6;61,4;63,6;62,8;63,6;64,0;67,8;71,2
"Goes";45,5;45,0;42,9;43,9;47,4;47,5;47,5;47,0;49,0;53,3
"Goirle";33,6;33,0;32,4;32,4;33,1;34,4;34,1;34,1;34,8;36,1
"Gooise Meren";78,2;76,3;75,3;75,8;78,9;78,9;77,4;76,9;78,5;82,2
"Gorinchem";42,2;42,3;41,7;43,8;44,6;42,7;43,1;42,8;45,9;47,4
"Gouda";78,9;78,2;76,4;77,7;80,1;80,0;80,2;79,2;81,6;85,1
"Groningen";257,0;246,0;241,2;245,2;255,1;263,0;256,5;253,7;262,3;277,5
"Gulpen-Wittem";20,5;20,0;19,2;19,7;20,2;21,3;21,1;20,7;21,7;22,6
"Haaksbergen";32,4;32,1;31,2;31,6;32,2;33,4;33,5;33,0;34,1;35,5
"Haarlem";174,5;172,6;171,3;174,8;180,8;176,8;175,9;175,4;181,6;189,2
"Haarlemmermeer";187,3;182,4;182,6;186,5;192,8;192,1;190,1;192,2;199,7;208,8
"Halderberge";40,5;40,1;39,5;40,0;40,7;41,4;41,6;41,8;43,2;44,8
"Hardenberg";76,9;75,2;73,9;75,0;77,6;80,1;79,7;79,3;82,0;86,5
"Harderwijk";52,4;50,2;50,2;52,5;55,0;53,3;52,0;52,7;56,4;59,8
"Hardinxveld-Giessendam";20,8;20,5;19,9;20,2;20,7;21,2;21,2;21,1;21,9;22,9
"Harlingen";17,8;16,2;17,2;17,9;18,5;18,7;17,8;19,3;20,5;21,3
"Hattem";14,2;14,1;14,2;14,8;15,0;14,7;14,8;15,0;15,9;16,4
"Heemskerk";46,1;44,3;43,8;43,9;44,7;47,0;46,1;46,3;47,9;49,3
"Heemstede";35,7;36,0;35,2;35,4;36,8;36,2;36,7;36,2;36,8;38,7
"Heerde";23,5;22,6;23,1;23,4;24,3;24,2;23,7;24,5;25,4;26,9
"Heerenveen";58,5;56,7;58,4;60,2;62,1;60,5;60,0;62,8;66,5;69,6
"Heerlen";120,7;116,5;113,6;113,4;114,7;123,2;121,0;119,5;121,2;123,5
"Heeze-Leende";22,5;22,5;22,1;22,3;22,7;23,3;23,5;23,6;24,7;25,9
"Heiloo";29,7;28,6;28,4;28,9;29,9;30,5;29,8;30,4;31,9;33,9
"Hellendoorn";44,7;44,5;43,4;44,2;45,0;46,2;46,6;46,4;48,3;50,5
"Helmond";118,8;115,7;114,0;115,3;116,2;120,6;118,2;118,9;122,9;126,8
"Hendrik-Ido-Ambacht";34,9;35,1;34,5;34,8;35,9;35,4;36,0;35,8;36,9;38,6
"Hengelo";107,6;103,2;100,4;102,0;103,6;109,5;106,3;104,5;107,8;111,5
"Het Hogeland";56,4;55,4;53,9;56,9;58,6;61,4;61,3;60,1;63,8;66,6
"Heumen";21,7;21,0;21,2;21,2;21,7;22,3;22,0;22,9;23,8;24,8
"Heusden";60,4;59,6;58,8;59,5;61,3;61,9;61,6;61,8;64,1;67,2
"Hillegom";26,6;26,5;26,5;26,7;27,1;27,2;27,3;27,6;28,3;29,2
"Hilvarenbeek";22,0;21,7;21,3;21,9;22,6;22,6;22,6;22,6;23,8;25,0
"Hilversum";108,6;105,8;104,9;106,6;110,7;109,7;107,7;107,5;110,4;115,4
"Hoeksche Waard";110,8;109,8;107,4;108,8;112,3;113,2;113,1;112,2;116,8;123,5
"Hof van Twente";46,9;46,9;45,5;46,4;47,6;48,8;49,5;48,7;50,6;52,8
"Hollands Kroon";60,1;59,3;59,9;61,0;62,6;62,2;62,4;64,2;66,8;70,0
"Hoogeveen";67,4;66,1;64,5;65,2;67,0;70,6;70,9;70,4;72,6;75,3
"Hoorn";86,6;84,4;83,3;85,0;87,5;88,6;87,2;87,4;90,7;94,4
"Horst aan de Maas";59,7;59,3;57,8;57,1;58,1;62,5;63,0;63,1;64,5;67,5
"Houten";60,1;59,2;57,9;58,6;59,9;61,8;61,7;61,3;63,4;65,9
"Huizen";53,1;51,2;50,6;50,8;52,0;54,1;53,1;53,4;54,5;56,2
"Hulst";35,4;34,8;34,4;34,6;37,4;37,4;37,5;38,1;39,1;42,3
"IJsselstein";43,1;41,6;40,5;40,7;41,3;43,9;42,9;42,0;42,9;44,3
"Kaag en Braassem";34,3;33,6;33,6;34,4;35,4;35,2;35,0;36,0;38,0;40,2
"Kampen";57,2;57,6;56,4;57,9;59,8;59,0;60,5;60,2;62,8;65,7
"Kapelle";14,1;14,1;13,9;14,0;15,5;15,0;15,1;15,5;15,9;17,8
"Katwijk";75,0;71,9;71,7;73,5;74,8;75,8;73,4;74,1;77,1;79,5
"Kerkrade";63,8;62,9;60,0;60,0;61,3;65,9;66,8;64,9;66,3;68,1
"Koggenland";28,0;27,1;28,0;28,1;29,3;29,0;28,6;29,9;31,0;32,7
"Krimpen aan den IJssel";34,4;33,7;33,0;33,9;34,6;35,0;34,5;34,1;35,5;37,0
"Krimpenerwaard";67,4;66,8;65,6;66,9;68,3;68,8;68,8;68,1;70,6;73,4
"Laarbeek";30,3;30,6;30,1;30,0;31,4;31,1;31,8;32,1;33,1;35,4
"Land van Cuijk";121,5;119,7;117,3;118,6;120,7;125,3;125,2;125,5;130,7;136,3
"Landgraaf";50,8;50,3;48,9;49,1;49,7;53,1;53,6;53,4;54,7;56,0
"Landsmeer";14,6;14,6;14,8;14,9;15,3;14,9;15,1;15,7;16,2;16,8
"Lansingerland";75,0;74,4;72,7;74,3;76,7;76,6;77,0;76,7;80,0;83,9
"Laren";18,8;18,5;18,2;18,4;19,3;19,0;18,7;18,5;18,8;19,8
"Leeuwarden";133,5;129,8;132,7;138,2;142,6;138,2;137,0;142,3;151,4;157,9
"Leiden";134,6;130,6;130,3;134,9;138,7;136,1;133,0;133,3;139,9;145,3
"Leiderdorp";33,2;32,6;32,1;32,3;33,0;33,8;33,6;33,2;34,1;35,5
"Leidschendam-Voorburg";89,4;88,9;87,1;88,4;90,4;90,5;90,7;89,2;91,2;94,1
"Lelystad";93,6;90,2;91,5;93,8;96,2;96,8;94,6;98,1;103,1;107,1
"Leudal";53,8;52,0;50,7;51,1;52,1;56,3;55,4;55,0;57,3;59,8
"Leusden";37,4;36,9;36,2;36,9;38,2;38,4;38,2;38,6;40,4;42,5
"Lingewaard";58,9;57,1;57,7;58,8;59,7;60,5;59,7;61,3;64,6;67,5
"Lisse";28,4;26,7;27,2;27,6;28,3;29,0;27,8;28,5;29,5;30,9
"Lochem";44,3;43,5;44,2;45,4;46,7;46,0;46,1;47,3;49,6;52,0
"Loon op Zand";33,2;32,4;31,7;32,1;32,7;33,8;33,2;33,0;34,0;35,4
"Lopik";18,7;18,2;17,9;17,8;18,6;19,2;18,9;18,9;19,2;20,3
"Losser";31,0;30,5;29,7;30,4;31,1;32,2;32,1;31,6;33,0;34,6
"Maasdriel";32,0;31,4;32,6;33,4;34,3;33,4;33,5;35,0;37,0;38,5
"Maasgouw";34,4;33,7;32,7;33,2;33,9;35,8;36,0;35,8;37,4;39,2
"Maashorst";79,6;78,9;76,9;77,0;78,4;81,7;82,1;82,5;85,4;88,8
"Maassluis";38,7;38,4;37,2;37,7;39,1;39,0;39,0;38,1;39,3;41,1
"Maastricht";154,5;151,9;148,5;147,2;150,9;157,1;155,9;154,1;154,8;160,2
"Medemblik";54,4;53,1;54,3;55,2;57,0;56,3;55,4;58,4;60,8;63,9
"Meerssen";27,5;27,1;26,1;26,2;26,6;28,6;28,6;28,3;29,3;30,2
"Meierijstad";110,5;108,7;106,9;107,5;110,2;113,4;114,1;114,5;118,7;124,5
"Meppel";40,5;39,7;38,5;39,1;40,2;41,9;41,6;41,3;42,9;44,9
"Middelburg";53,8;53,2;51,8;52,4;55,3;55,7;55,2;55,7;57,2;60,9
"Midden-Delfland";23,4;23,0;22,1;22,7;23,4;24,3;24,4;23,7;24,9;25,9
"Midden-Drenthe";41,7;41,7;40,4;40,8;42,1;44,7;45,6;45,1;46,6;48,9
"Midden-Groningen";76,2;74,6;72,5;73,6;74,3;81,2;80,9;79,8;82,4;85,1
"Moerdijk";50,7;50,4;49,0;48,8;49,7;51,8;52,3;51,6;52,8;54,6
"Molenlanden";52,0;51,4;49,9;50,8;52,6;53,4;53,5;52,3;54,3;57,4
"Montferland";46,6;45,5;46,8;47,4;48,2;48,4;48,7;51,0;53,1;55,6
"Montfoort";18,0;17,9;17,2;17,2;17,4;18,4;18,5;18,1;18,5;19,1
"Mook en Middelaar";11,7;11,7;11,1;11,1;11,4;12,2;12,4;12,0;12,4;13,0
"Neder-Betuwe";27,2;27,0;27,3;28,3;28,9;27,7;27,9;28,7;30,3;31,6
"Nederweert";25,4;25,4;24,7;24,7;25,2;26,6;27,3;27,1;27,7;28,9
"Nieuwegein";79,4;78,8;76,7;76,9;79,7;80,5;80,3;79,1;80,7;84,8
"Nieuwkoop";34,1;33,7;34,3;34,9;36,4;35,1;35,1;36,0;37,6;39,9
"Nijkerk";49,6;48,3;49,6;51,1;52,1;51,3;50,9;53,2;55,8;57,9
"Nijmegen";184,3;181,5;183,4;190,2;194,2;188,2;187,6;192,0;202,5;209,6
"Nissewaard";113,0;111,1;107,8;108,4;110,3;114,6;113,7;111,2;113,6;117,7
"Noardeast-Fryslân";49,3;48,8;49,1;52,1;53,1;50,9;51,1;52,4;57,3;59,8
"Noord-Beveland";10,6;10,4;10,0;10,4;11,6;11,2;11,1;11,0;11,7;13,0
"Noordenveld";40,7;39,9;38,5;39,5;40,4;42,8;42,8;42,2;44,2;46,3
"Noordoostpolder";54,1;53,7;55,7;57,8;59,4;55,9;56,8;59,6;63,6;66,4
"Noordwijk";55,8;54,4;54,2;55,0;56,5;56,7;55,8;56,2;58,1;60,8
"Nuenen, Gerwen en Nederwetten";32,5;32,1;31,3;31,7;32,5;33,5;33,5;33,3;34,8;36,6
"Nunspeet";31,7;31,3;31,7;32,4;33,9;32,4;32,5;33,3;34,9;36,9
"Oegstgeest";30,1;29,6;29,7;30,5;31,4;30,6;30,4;31,0;32,5;34,0
"Oirschot";27,7;27,1;26,9;27,0;27,6;28,3;28,0;28,3;29,4;30,7
"Oisterwijk";45,2;45,2;44,3;44,5;45,5;46,2;46,6;46,4;47,4;49,4
"Oldambt";49,7;48,7;47,7;48,6;48,7;50,5;50,6;50,3;53,4;55,7
"Oldebroek";27,8;26,8;27,6;28,7;29,4;28,9;28,4;29,7;31,7;33,0
"Oldenzaal";41,6;40,7;39,6;39,8;40,4;42,6;42,2;41,9;43,0;44,6
"Olst-Wijhe";22,6;22,4;21,7;21,9;22,9;23,9;24,4;24,0;24,8;26,3
"Ommen";22,4;22,0;21,9;22,2;23,2;23,4;23,4;23,7;24,4;26,0
"Oost Gelre";37,4;36,3;37,8;38,9;39,4;39,1;38,8;40,9;43,0;44,3
"Oosterhout";73,4;72,2;71,0;70,6;71,2;74,6;74,3;74,2;75,2;77,3
"Ooststellingwerf";29,3;28,2;29,1;29,7;30,7;30,7;29,8;32,3;33,9;35,7
"Oostzaan";12,4;12,1;12,1;12,2;12,4;12,7;12,4;12,7;13,0;13,4
"Opmeer";13,6;13,1;13,5;14,0;14,7;14,3;14,0;14,6;15,6;16,5
"Opsterland";34,4;33,8;34,8;36,4;37,7;35,9;36,1;37,7;40,5;42,6
"Oss";122,9;121,5;118,4;119,6;121,5;125,2;125,8;124,8;129,4;135,2
"Oude IJsselstreek";50,3;48,9;50,5;51,2;52,2;52,4;52,4;54,9;56,9;59,1
"Ouder-Amstel";16,6;16,4;16,8;17,3;17,4;16,9;16,9;17,4;18,2;18,7
"Oudewater";13,2;13,0;12,7;13,0;13,2;13,5;13,5;13,4;13,9;14,5
"Overbetuwe";59,2;57,8;58,4;59,9;61,1;60,9;60,4;62,0;65,4;68,2
"Papendrecht";40,1;39,3;38,4;38,5;39,3;40,6;40,1;39,6;40,3;41,7
"Peel en Maas";61,7;60,4;58,8;58,4;59,7;64,5;64,7;64,7;66,5;69,6
"Pekela";16,5;16,0;15,6;15,8;15,9;16,9;16,6;16,3;17,0;17,6
"Pijnacker-Nootdorp";62,2;62,9;61,4;63,3;65,6;63,9;65,2;64,8;68,3;72,2
"Purmerend";112,3;109,3;108,2;111,3;112,7;113,9;111,9;111,7;116,5;119,3
"Putten";30,2;29,9;30,0;30,6;31,8;31,0;31,0;31,5;33,0;34,9
"Raalte";45,9;45,5;44,2;45,1;46,3;48,7;49,3;49,0;51,3;53,5
"Reimerswaal";24,4;24,2;23,9;24,2;26,0;25,5;25,6;26,0;27,0;29,2
"Renkum";40,1;38,8;39,1;40,5;41,2;41,1;40,4;41,2;43,3;44,8
"Renswoude";7,0;6,5;6,2;6,6;6,9;7,1;6,7;6,5;7,0;7,5
"Reusel-De Mierden";19,5;19,1;18,6;18,9;19,2;20,2;19,9;19,8;20,7;21,8
"Rheden";55,1;53,7;53,4;54,3;55,8;56,1;55,2;55,6;57,4;59,6
"Rhenen";24,7;24,5;23,7;24,1;24,9;25,2;25,2;24,9;25,9;27,1
"Ridderkerk";57,4;57,3;55,7;55,4;57,3;58,1;58,6;57,6;58,1;60,8
"Rijssen-Holten";43,6;43,6;42,8;43,4;44,5;45,0;45,5;45,3;46,8;48,7
"Rijswijk";62,7;62,1;61,4;63,3;65,9;64,0;64,3;63,8;66,3;69,5
"Roerdalen";30,5;29,5;28,6;28,5;28,9;31,8;31,4;31,2;32,1;33,5
"Roermond";76,1;74,0;72,3;73,0;74,0;78,4;77,6;77,1;79,7;82,4
"Roosendaal";99,8;98,8;95,0;95,9;97,4;101,8;101,7;99,7;102,7;105,9
"Rotterdam";711,8;698,4;681,6;694,9;719,1;715,6;704,2;689,8;706,8;734,4
"Rozendaal";2,4;2,5;2,6;2,6;2,7;2,5;2,5;2,7;2,9;3,1
"Rucphen";34,2;33,9;33,2;33,3;34,0;34,8;34,9;34,5;35,6;37,1
"Schagen";56,3;55,0;55,7;56,5;58,3;58,1;57,8;59,4;61,8;64,8
"Scherpenzeel";11,5;11,6;11,4;11,6;12,1;11,7;11,9;11,9;12,5;13,3
"Schiedam";87,8;86,8;85,4;88,8;90,5;88,4;87,7;86,8;91,1;93,4
"Schiermonnikoog";1,6;1,4;1,4;1,4;1,4;1,6;1,5;1,5;1,5;1,6
"Schouwen-Duiveland";46,8;45,0;43,8;44,4;47,8;48,8;47,6;47,4;49,2;53,3
"'s-Hertogenbosch";202,5;198,1;194,6;197,3;201,4;205,5;202,8;201,6;208,5;216,4
"Simpelveld";14,8;14,5;14,1;14,1;14,4;15,4;15,5;15,3;15,6;16,1
"Sint-Michielsgestel";40,8;40,4;39,6;39,9;40,5;42,1;42,4;42,3;44,1;46,0
"Sittard-Geleen";132,7;129,8;126,4;126,4;128,2;136,6;136,1;134,5;137,3;141,4
"Sliedrecht";27,8;27,1;26,8;27,0;27,9;28,3;28,0;27,7;28,4;29,7
"Sluis";33,8;32,7;32,3;33,7;35,0;35,1;34,4;34,7;36,7;38,3
"Smallingerland";62,7;60,3;61,3;62,9;64,0;64,9;63,8;65,7;69,4;72,0
"Soest";61,7;60,9;59,3;59,6;62,1;62,9;62,9;62,0;63,6;67,0
"Someren";26,8;26,8;26,1;25,9;26,6;27,9;28,4;28,5;29,3;30,8
"Son en Breugel";24,2;23,5;22,7;22,7;23,2;24,6;24,4;24,4;25,2;26,5
"Stadskanaal";42,0;41,5;40,7;40,7;41,3;43,3;43,2;43,4;44,1;45,5
"Staphorst";19,6;19,5;19,0;19,6;20,2;20,3;20,4;20,2;21,2;22,2
"Stede Broec";25,4;24,7;24,7;24,9;25,5;26,3;25,9;26,5;27,3;28,6
"Steenbergen";31,8;31,7;30,8;31,1;31,9;32,7;33,1;32,6;33,7;35,2
"Steenwijkerland";54,5;54,6;53,3;54,8;56,6;56,4;57,6;56,7;59,4;62,4
"Stein";36,3;35,2;34,1;33,8;34,3;37,9;37,9;38,0;38,7;39,8
"Stichtse Vecht";84,2;83,2;80,4;81,0;83,8;85,6;85,4;83,5;85,3;89,4
"Súdwest-Fryslân";100,7;98,4;101,2;106,0;109,1;104,6;104,0;108,6;116,5;121,6
"Terneuzen";69,3;67,2;64,7;65,3;69,5;71,6;70,3;69,6;71,7;77,1
"Terschelling";6,0;6,0;6,1;6,3;6,4;6,3;6,3;6,5;6,8;7,0
"Texel";17,0;17,0;17,6;17,6;18,6;17,7;18,0;18,7;19,3;20,6
"Teylingen";44,6;44,1;43,7;45,3;46,2;45,6;45,7;45,8;48,4;50,5
"Tholen";30,4;29,7;29,3;29,5;32,0;31,6;31,4;31,8;32,6;35,6
"Tiel";49,9;49,2;49,1;50,3;51,1;51,0;50,9;51,1;53,4;55,0
"Tilburg";268,6;262,4;258,6;263,7;271,0;273,1;269,0;267,8;277,0;288,6
"Tubbergen";30,6;30,6;29,3;29,0;30,4;31,3;31,6;30,8;31,4;33,7
"Twenterand";43,1;42,7;41,5;41,9;42,5;44,6;44,6;44,1;45,2;46,7
"Tynaarlo";42,1;41,2;40,2;40,5;42,0;44,2;44,2;44,4;46,1;49,1
"Tytsjerksteradiel";34,8;34,2;35,0;36,7;37,4;36,2;36,2;38,3;41,4;42,9
"Uitgeest";16,2;15,4;15,2;15,2;15,5;16,6;16,1;16,5;16,9;17,6
"Uithoorn";35,8;35,2;34,5;34,4;36,5;36,5;36,3;35,9;36,8;39,9
"Urk";20,9;20,4;20,2;21,0;21,7;21,3;21,1;21,1;22,6;23,7
"Utrecht";361,7;345,8;341,7;352,9;371,4;367,4;354,4;354,2;370,9;393,2
"Utrechtse Heuvelrug";67,0;65,5;63,2;64,1;66,2;68,7;68,1;66,4;68,6;71,8
"Vaals";15,0;14,2;14,0;14,0;14,4;15,4;14,8;14,8;15,1;15,6
"Valkenburg aan de Geul";23,0;22,8;22,6;22,5;23,4;23,8;24,1;24,2;24,6;26,0
"Valkenswaard";45,1;43,5;42,2;42,3;42,6;46,0;44,8;44,8;46,5;47,7
"Veendam";33,8;33,3;32,6;32,8;32,9;34,6;34,7;34,2;36,1;37,7
"Veenendaal";78,0;76,4;74,9;76,0;78,0;79,7;78,8;78,3;81,4;84,9
"Veere";28,4;27,8;27,5;28,0;30,2;30,2;30,1;30,7;31,8;34,3
"Veldhoven";60,3;59,5;58,4;58,4;59,5;61,5;61,4;61,7;63,4;66,1
"Velsen";80,0;78,0;76,9;79,0;80,4;80,9;79,4;79,0;82,2;84,4
"Venlo";133,7;131,5;128,9;129,4;131,7;137,7;137,4;136,8;140,6;146,4
"Venray";60,4;59,3;57,4;56,8;57,7;62,8;63,2;62,5;63,5;66,0
"Vijfheerenlanden";66,0;65,2;64,0;65,1;67,8;67,2;67,5;67,6;70,2;74,3
"Vlaardingen";84,2;84,0;82,1;83,6;85,3;85,0;85,2;83,6;85,9;88,3
"Vlieland";1,4;1,4;1,5;1,5;1,7;1,5;1,5;1,6;1,7;1,8
"Vlissingen";51,0;49,9;48,5;48,7;51,5;53,3;52,9;52,6;53,8;57,0
"Voerendaal";18,0;17,4;16,8;16,9;17,2;18,8;18,7;18,5;19,0;19,6
"Voorne aan Zee";98,6;98,1;95,3;95,5;98,0;100,7;101,1;99,3;101,4;105,6
"Voorschoten";31,7;31,3;30,8;31,2;32,0;32,2;32,0;31,7;32,6;34,0
"Voorst";32,5;31,8;31,8;32,0;33,4;33,5;33,4;33,8;34,8;36,9
"Vught";41,6;41,0;40,5;41,1;42,7;42,4;42,2;42,1;43,6;46,1
"Waadhoeke";51,3;51,1;52,5;55,1;56,5;53,1;53,3;55,9;60,5;63,2
"Waalre";24,5;23,6;23,1;23,7;24,2;25,0;24,4;24,6;25,9;27,1
"Waalwijk";63,1;62,7;61,8;63,0;64,0;64,2;64,2;64,0;66,4;68,7
"Waddinxveen";33,4;33,4;32,8;33,9;36,2;34,1;34,6;34,5;36,3;39,1
"Wageningen";42,5;39,3;40,3;41,7;43,3;43,9;41,5;42,9;45,0;47,1
"Wassenaar";39,3;39,2;38,5;38,5;39,3;39,6;39,8;39,2;39,8;40,9
"Waterland";21,2;20,6;20,4;20,8;21,5;21,7;21,3;21,2;22,0;23,1
"Weert";66,0;65,7;63,8;64,3;65,9;68,4;69,3;68,8;71,1;74,5
"West Betuwe";66,1;64,7;65,2;66,4;67,9;67,9;67,7;69,4;72,7;75,6
"West Maas en Waal";25,6;24,2;24,8;25,7;27,0;26,8;26,4;27,1;29,1;30,8
"Westerkwartier";76,7;75,4;74,1;76,8;79,1;80,1;79,9;80,5;85,4;90,0
"Westerveld";25,3;25,3;24,3;25,1;25,9;26,9;27,6;27,2;28,6;29,9
"Westervoort";18,8;18,1;18,0;18,3;18,4;19,1;18,6;18,9;19,6;20,1
"Westerwolde";35,6;35,2;34,5;35,4;35,7;36,7;36,8;36,5;38,2;39,1
"Westland";129,2;129,0;127,2;130,4;134,3;132,5;133,9;133,9;139,1;145,3
"Weststellingwerf";30,5;30,4;30,9;32,4;32,9;32,0;32,1;33,3;36,3;38,0
"Wierden";32,0;31,5;30,7;30,9;31,9;33,1;32,8;33,0;34,1;36,0
"Wijchen";52,5;52,0;52,3;53,5;54,1;54,1;54,4;55,6;58,2;60,2
"Wijdemeren";33,1;32,5;32,4;31,9;33,6;33,7;33,4;33,8;33,8;35,9
"Wijk bij Duurstede";31,1;30,4;29,4;29,8;30,6;31,8;31,6;30,9;32,0;33,5
"Winterswijk";36,7;35,5;36,6;37,8;38,4;38,2;37,8;39,3;41,4;42,8
"Woensdrecht";31,7;31,3;30,0;30,4;31,0;32,4;32,3;31,6;32,6;33,9
"Woerden";62,1;61,3;59,9;60,7;62,6;63,6;63,6;63,0;65,1;68,1
"Wormerland";19,1;18,5;18,6;18,7;18,9;19,5;19,2;19,7;20,3;20,9
"Woudenberg";15,4;15,1;14,9;15,2;15,9;15,9;15,8;15,9;16,6;17,6
"Zaanstad";170,0;166,9;165,2;170,3;173,4;172,4;170,9;170,1;177,9;183,5
"Zaltbommel";34,4;33,2;34,1;35,7;36,9;35,6;35,4;36,5;39,4;41,3
"Zandvoort";25,6;25,3;25,1;25,2;25,8;25,8;25,6;25,5;25,6;26,5
"Zeewolde";24,5;23,8;24,5;25,2;26,1;25,6;25,3;26,6;28,1;29,6
"Zeist";81,5;80,0;77,9;79,3;83,0;82,5;81,7;80,3;83,0;87,9
"Zevenaar";57,5;55,8;55,5;56,7;57,8;58,8;57,9;58,8;61,8;64,2
"Zoetermeer";157,3;153,9;150,3;152,3;153,9;159,5;157,9;155,7;160,3;164,2
"Zoeterwoude";10,4;9,8;9,9;10,2;10,7;10,7;10,3;10,5;11,1;12,1
"Zuidplas";52,8;52,1;51,9;53,2;55,9;53,8;53,8;54,2;56,9;60,8
"Zundert";32,1;31,7;31,0;30,8;32,0;33,0;33,0;32,6;33,2;35,1
"Zutphen";53,3;52,3;52,4;53,5;54,8;54,7;54,3;54,8;57,0;59,5
"Zwartewaterland";25,6;25,6;25,1;25,8;26,5;26,2;26,5;26,4;27,5;28,8
"Zwijndrecht";54,9;53,8;52,5;53,1;53,9;55,6;54,8;53,9;55,5;57,0
"Zwolle";142,9;139,4;137,7;139,4;145,3;148,4;147,5;147,4;152,2;160,7
